location,time,ShakeIntensity,SewerAndWater,Power,RoadsAndBridges,Medical,Buildings
1,2020-04-08T00:50:00Z,0,7,13,5,15,13
1,2020-04-08T01:45:00Z,0,17,13,13,10,15
1,2020-04-08T02:30:00Z,0,3,2,7,6,3
1,2020-04-08T02:50:00Z,0,13,9,1,16,19
1,2020-04-08T03:00:00Z,0,10,7,1,4,7
1,2020-04-08T03:25:00Z,0,2,2,7,7,6
1,2020-04-08T03:40:00Z,0,8,5,10,9,6
1,2020-04-08T03:45:00Z,0,4,8,5,9,1
1,2020-04-08T04:10:00Z,0,2,10,7,10,10
1,2020-04-08T04:20:00Z,0,7,5,10,3,3
1,2020-04-08T04:25:00Z,0,2,3,7,1,10
1,2020-04-08T04:30:00Z,0,2,10,1,2,8
1,2020-04-08T04:40:00Z,0,1,10,7,7,6
1,2020-04-08T05:40:00Z,0,6,10,3,9,10
1,2020-04-08T06:25:00Z,0,8,3,6,4,13
1,2020-04-08T06:45:00Z,1,15,6,15,14,11
1,2020-04-08T06:50:00Z,0,11,12,16,11,14
1,2020-04-08T07:00:00Z,0,17,1,16,13,4
1,2020-04-08T07:10:00Z,0,10,3,2,10,6
1,2020-04-08T07:25:00Z,0,10,1,7,4,7
1,2020-04-08T07:40:00Z,0,10,10,8,10,10
1,2020-04-08T07:55:00Z,0,5,7,4,6,2
1,2020-04-08T08:15:00Z,0,8,6,2,1,8
1,2020-04-08T08:35:00Z,1,157,178,131,138,162
1,2020-04-08T08:40:00Z,2,366,403,316,334,374
1,2020-04-08T08:45:00Z,2,563,623,462,520,578
1,2020-04-08T08:50:00Z,2,399,424,357,377,393
1,2020-04-08T08:55:00Z,2,407,449,337,365,410
1,2020-04-08T09:00:00Z,3,376,412,332,364,381
1,2020-04-08T09:05:00Z,2,226,245,216,229,239
1,2020-04-08T09:10:00Z,3,353,373,320,324,360
1,2020-04-08T09:15:00Z,2,240,250,215,226,240
1,2020-04-08T09:20:00Z,2,236,247,211,233,246
1,2020-04-08T09:25:00Z,2,187,183,193,192,189
1,2020-04-08T09:30:00Z,1,184,201,159,174,185
1,2020-04-08T09:35:00Z,2,220,216,203,197,211
1,2020-04-08T09:40:00Z,2,203,210,179,194,199
1,2020-04-08T09:45:00Z,2,193,184,191,179,190
1,2020-04-08T09:50:00Z,3,97,104,123,117,109
1,2020-04-08T09:55:00Z,2,172,176,169,175,179
1,2020-04-08T10:00:00Z,2,130,127,130,132,130
1,2020-04-08T10:05:00Z,2,193,209,184,192,191
1,2020-04-08T10:10:00Z,2,134,122,128,131,133
1,2020-04-08T10:15:00Z,2,99,94,98,89,97
1,2020-04-08T10:20:00Z,1,9,7,25,17,14
1,2020-04-08T10:25:00Z,2,27,16,56,49,35
1,2020-04-08T10:30:00Z,2,29,16,50,37,27
1,2020-04-08T10:35:00Z,2,34,25,56,41,29
1,2020-04-08T10:40:00Z,2,21,12,34,25,20
1,2020-04-08T10:45:00Z,2,23,12,44,34,22
1,2020-04-08T10:50:00Z,2,26,14,61,36,33
1,2020-04-08T10:55:00Z,1,23,11,37,28,17
1,2020-04-08T11:00:00Z,2,32,12,64,48,29
1,2020-04-08T11:05:00Z,2,26,11,53,38,26
1,2020-04-08T11:10:00Z,3,11,4,22,14,11
1,2020-04-08T11:15:00Z,1,14,8,41,26,18
1,2020-04-08T11:20:00Z,3,13,6,29,23,11
1,2020-04-08T11:25:00Z,3,14,6,27,23,16
1,2020-04-08T11:30:00Z,2,13,8,25,21,14
1,2020-04-08T11:35:00Z,1,9,5,16,12,6
1,2020-04-08T11:40:00Z,1,14,12,17,13,9
1,2020-04-08T11:45:00Z,1,7,3,19,12,8
1,2020-04-08T11:50:00Z,2,11,9,28,20,14
1,2020-04-08T11:55:00Z,2,14,5,35,23,14
1,2020-04-08T12:00:00Z,1,7,1,11,9,6
1,2020-04-08T12:05:00Z,2,8,5,15,14,11
1,2020-04-08T12:10:00Z,3,19,12,26,25,22
1,2020-04-08T12:15:00Z,1,10,4,20,13,14
1,2020-04-08T12:20:00Z,2,7,3,13,8,6
1,2020-04-08T12:30:00Z,0,2,1,4,3,1
1,2020-04-08T12:35:00Z,1,4,2,13,8,7
1,2020-04-08T12:40:00Z,1,6,3,11,8,4
1,2020-04-08T12:45:00Z,1,12,11,22,17,13
1,2020-04-08T12:50:00Z,-0,8,4,10,8,8
1,2020-04-08T12:55:00Z,2,6,4,13,12,6
1,2020-04-08T13:00:00Z,1,8,4,12,6,4
1,2020-04-08T13:05:00Z,0,3,3,9,6,4
1,2020-04-08T13:10:00Z,0,12,7,6,12,11
1,2020-04-08T13:15:00Z,1,7,3,16,11,5
1,2020-04-08T13:20:00Z,1,11,14,17,17,17
1,2020-04-08T13:35:00Z,2,5,3,9,6,4
1,2020-04-08T13:40:00Z,0,2,1,5,4,2
1,2020-04-08T13:45:00Z,1,7,3,16,13,9
1,2020-04-08T13:50:00Z,0,1,1,4,3,1
1,2020-04-08T13:55:00Z,2,2,1,4,3,2
1,2020-04-08T14:00:00Z,1,1,1,3,3,2
1,2020-04-08T14:05:00Z,0,12,4,7,9,6
1,2020-04-08T14:10:00Z,3,7,6,8,15,10
1,2020-04-08T14:15:00Z,0,8,7,10,8,11
1,2020-04-08T14:25:00Z,1,2,2,4,3,2
1,2020-04-08T14:30:00Z,0,1,9,7,6,1
1,2020-04-08T14:35:00Z,0,8,7,6,13,8
1,2020-04-08T14:40:00Z,1,2,1,6,4,2
1,2020-04-08T14:45:00Z,0,4,3,1,2,1
1,2020-04-08T15:10:00Z,1,3,1,4,3,2
1,2020-04-08T15:30:00Z,0,2,4,9,6,6
1,2020-04-08T15:40:00Z,0,1,2,4,3,3
1,2020-04-08T15:50:00Z,1,3,0,4,4,2
1,2020-04-08T16:05:00Z,-0,2,1,4,3,2
1,2020-04-08T16:15:00Z,1,7,5,10,16,12
1,2020-04-08T16:20:00Z,0,12,12,9,13,3
1,2020-04-08T16:25:00Z,0,9,1,9,1,8
1,2020-04-08T17:15:00Z,0,8,5,4,4,4
1,2020-04-08T17:25:00Z,0,1,1,2,10,7
1,2020-04-08T17:45:00Z,1,3,1,3,2,2
1,2020-04-08T17:50:00Z,0,10,6,10,3,8
1,2020-04-08T18:15:00Z,0,0,1,9,7,5
1,2020-04-08T18:55:00Z,0,7,5,10,7,10
1,2020-04-08T19:50:00Z,0,0,10,5,0,7
1,2020-04-08T20:00:00Z,0,5,9,2,9,10
1,2020-04-08T20:10:00Z,0,2,2,2,7,4
1,2020-04-08T20:15:00Z,0,10,2,10,3,1
1,2020-04-08T20:20:00Z,0,9,8,5,8,5
1,2020-04-08T20:25:00Z,0,17,13,8,12,11
1,2020-04-08T20:40:00Z,0,1,6,10,10,10
1,2020-04-08T20:55:00Z,0,1,7,0,10,4
1,2020-04-08T21:05:00Z,0,5,7,5,3,8
1,2020-04-08T21:10:00Z,0,0,5,4,2,10
1,2020-04-08T21:15:00Z,0,7,0,4,5,2
1,2020-04-08T21:20:00Z,1,9,6,5,9,10
1,2020-04-08T21:45:00Z,0,10,9,10,10,10
1,2020-04-08T22:10:00Z,0,0,8,10,10,8
1,2020-04-08T22:20:00Z,0,4,9,3,0,4
1,2020-04-08T22:25:00Z,0,15,11,17,3,16
1,2020-04-08T22:30:00Z,0,3,3,6,6,5
1,2020-04-08T22:35:00Z,0,6,6,1,4,8
1,2020-04-08T22:45:00Z,0,3,9,6,10,10
1,2020-04-08T22:55:00Z,0,15,2,6,15,8
1,2020-04-08T23:05:00Z,0,4,3,2,1,1
2,2020-04-08T00:05:00Z,1,10,21,17,0,14
2,2020-04-08T00:20:00Z,0,7,1,9,0,8
2,2020-04-08T00:45:00Z,0,15,7,19,0,3
2,2020-04-08T00:50:00Z,0,5,10,0,0,1
2,2020-04-08T01:00:00Z,0,0,4,9,0,8
2,2020-04-08T01:05:00Z,0,11,16,5,3,15
2,2020-04-08T01:10:00Z,0,8,14,18,0,9
2,2020-04-08T01:20:00Z,0,6,3,7,0,5
2,2020-04-08T01:35:00Z,0,5,3,0,0,0
2,2020-04-08T01:40:00Z,0,10,15,15,0,7
2,2020-04-08T01:45:00Z,0,9,14,17,0,21
2,2020-04-08T01:50:00Z,0,11,12,17,0,10
2,2020-04-08T02:05:00Z,0,8,7,1,0,7
2,2020-04-08T02:15:00Z,0,6,10,7,0,7
2,2020-04-08T02:20:00Z,0,7,7,2,0,2
2,2020-04-08T02:30:00Z,0,6,11,1,0,10
2,2020-04-08T02:35:00Z,0,8,2,7,0,8
2,2020-04-08T02:40:00Z,0,3,10,5,0,9
2,2020-04-08T02:45:00Z,0,10,9,3,0,10
2,2020-04-08T02:50:00Z,0,1,7,9,0,10
2,2020-04-08T02:55:00Z,0,11,12,12,0,10
2,2020-04-08T03:10:00Z,0,10,17,20,0,5
2,2020-04-08T03:15:00Z,0,9,10,8,0,8
2,2020-04-08T03:20:00Z,0,16,3,15,0,17
2,2020-04-08T03:25:00Z,0,8,13,2,0,10
2,2020-04-08T03:30:00Z,0,7,10,1,0,5
2,2020-04-08T03:55:00Z,0,5,10,10,0,1
2,2020-04-08T04:05:00Z,0,10,4,18,0,9
2,2020-04-08T04:10:00Z,0,21,19,17,0,16
2,2020-04-08T04:20:00Z,1,3,9,8,0,5
2,2020-04-08T04:35:00Z,0,8,3,2,0,5
2,2020-04-08T04:45:00Z,0,10,6,0,0,3
2,2020-04-08T05:20:00Z,0,10,3,8,0,6
2,2020-04-08T05:40:00Z,0,3,16,5,0,7
2,2020-04-08T05:45:00Z,0,12,7,7,0,12
2,2020-04-08T05:50:00Z,0,13,12,6,0,11
2,2020-04-08T05:55:00Z,0,3,10,9,0,9
2,2020-04-08T06:00:00Z,1,4,5,13,0,14
2,2020-04-08T06:20:00Z,0,10,5,9,0,10
2,2020-04-08T06:25:00Z,0,3,8,1,0,2
2,2020-04-08T06:30:00Z,0,13,8,10,0,13
2,2020-04-08T06:35:00Z,0,5,10,6,0,6
2,2020-04-08T06:40:00Z,0,2,2,3,0,6
2,2020-04-08T06:55:00Z,0,12,20,11,0,16
2,2020-04-08T07:15:00Z,0,10,9,3,0,8
2,2020-04-08T07:20:00Z,0,1,8,5,0,12
2,2020-04-08T07:25:00Z,0,11,18,20,0,17
2,2020-04-08T07:30:00Z,0,3,9,1,0,6
2,2020-04-08T07:35:00Z,0,1,3,8,0,10
2,2020-04-08T07:40:00Z,0,4,10,7,0,4
2,2020-04-08T07:45:00Z,0,10,10,18,0,4
2,2020-04-08T07:50:00Z,0,2,10,10,0,2
2,2020-04-08T07:55:00Z,0,2,5,9,0,4
2,2020-04-08T08:05:00Z,1,1,3,7,0,8
2,2020-04-08T08:10:00Z,0,4,4,7,0,5
2,2020-04-08T08:30:00Z,0,4,2,2,0,8
2,2020-04-08T08:35:00Z,4,64,79,93,0,31
2,2020-04-08T08:40:00Z,4,214,282,356,7,71
2,2020-04-08T08:45:00Z,4,230,314,390,3,87
2,2020-04-08T08:50:00Z,4,242,320,391,8,91
2,2020-04-08T08:55:00Z,4,292,410,508,10,111
2,2020-04-08T09:00:00Z,4,323,432,527,14,133
2,2020-04-08T09:05:00Z,4,262,364,449,10,85
2,2020-04-08T09:10:00Z,3,277,359,440,26,93
2,2020-04-08T09:15:00Z,4,376,502,617,0,118
2,2020-04-08T09:20:00Z,4,296,387,510,19,97
2,2020-04-08T09:25:00Z,4,354,469,613,14,136
2,2020-04-08T09:30:00Z,3,285,378,472,10,96
2,2020-04-08T09:35:00Z,3,291,395,488,3,97
2,2020-04-08T09:40:00Z,3,252,346,419,13,83
2,2020-04-08T09:45:00Z,3,268,353,449,4,99
2,2020-04-08T09:50:00Z,3,277,354,433,14,99
2,2020-04-08T09:55:00Z,4,148,191,245,0,48
2,2020-04-08T10:00:00Z,4,259,339,430,7,86
2,2020-04-08T10:05:00Z,4,206,291,353,13,66
2,2020-04-08T10:10:00Z,3,198,275,338,3,73
2,2020-04-08T10:15:00Z,3,171,245,302,0,58
2,2020-04-08T10:20:00Z,4,222,286,368,0,82
2,2020-04-08T10:25:00Z,3,206,269,338,0,76
2,2020-04-08T10:30:00Z,3,222,298,370,0,62
2,2020-04-08T10:35:00Z,4,228,276,338,35,79
2,2020-04-08T10:40:00Z,4,199,257,332,3,73
2,2020-04-08T10:45:00Z,4,185,237,287,6,60
2,2020-04-08T10:50:00Z,4,178,226,291,2,52
2,2020-04-08T10:55:00Z,4,167,221,277,0,54
2,2020-04-08T11:00:00Z,4,194,257,306,10,75
2,2020-04-08T11:05:00Z,3,145,196,238,7,54
2,2020-04-08T11:10:00Z,4,195,250,306,0,72
2,2020-04-08T11:15:00Z,3,130,168,223,0,43
2,2020-04-08T11:20:00Z,3,139,190,253,0,54
2,2020-04-08T11:25:00Z,3,155,202,253,0,47
2,2020-04-08T11:30:00Z,4,110,138,187,0,31
2,2020-04-08T11:35:00Z,4,140,187,226,0,48
2,2020-04-08T11:40:00Z,3,115,134,181,3,39
2,2020-04-08T11:45:00Z,3,103,142,171,0,29
2,2020-04-08T11:50:00Z,3,104,132,161,1,36
2,2020-04-08T11:55:00Z,3,78,111,128,0,34
2,2020-04-08T12:00:00Z,3,73,90,114,0,23
2,2020-04-08T12:05:00Z,3,91,132,152,12,46
2,2020-04-08T12:10:00Z,3,58,66,84,2,22
2,2020-04-08T12:15:00Z,3,59,75,87,0,26
2,2020-04-08T12:20:00Z,3,50,64,77,0,12
2,2020-04-08T12:25:00Z,3,73,110,132,0,24
2,2020-04-08T12:30:00Z,3,75,90,110,0,29
2,2020-04-08T12:35:00Z,3,77,95,116,0,21
2,2020-04-08T12:40:00Z,3,62,81,104,0,14
2,2020-04-08T12:45:00Z,3,39,43,64,0,25
2,2020-04-08T12:50:00Z,4,61,73,99,4,24
2,2020-04-08T12:55:00Z,3,55,62,89,0,22
2,2020-04-08T13:00:00Z,3,53,65,80,0,26
2,2020-04-08T13:05:00Z,3,42,54,74,0,14
2,2020-04-08T13:10:00Z,3,30,42,50,0,10
2,2020-04-08T13:15:00Z,3,47,56,62,0,15
2,2020-04-08T13:20:00Z,4,70,87,99,1,29
2,2020-04-08T13:25:00Z,3,47,62,81,6,22
2,2020-04-08T13:30:00Z,3,33,42,59,0,13
2,2020-04-08T13:35:00Z,3,33,42,48,4,8
2,2020-04-08T13:40:00Z,3,28,40,46,0,13
2,2020-04-08T13:45:00Z,3,34,45,57,9,20
2,2020-04-08T13:50:00Z,3,21,28,38,0,5
2,2020-04-08T13:55:00Z,4,22,36,43,8,9
2,2020-04-08T14:00:00Z,2,23,32,28,0,19
2,2020-04-08T14:05:00Z,4,20,26,35,0,7
2,2020-04-08T14:10:00Z,3,39,35,44,0,23
2,2020-04-08T14:15:00Z,3,23,22,31,0,16
2,2020-04-08T14:20:00Z,3,23,29,34,0,13
2,2020-04-08T14:25:00Z,2,8,11,16,0,4
2,2020-04-08T14:30:00Z,2,3,3,5,0,2
2,2020-04-08T14:35:00Z,2,16,20,25,0,5
2,2020-04-08T14:40:00Z,1,5,8,8,0,4
2,2020-04-08T14:45:00Z,0,13,3,13,0,6
2,2020-04-08T14:50:00Z,3,20,17,25,0,5
2,2020-04-08T14:55:00Z,3,8,13,15,0,0
2,2020-04-08T15:00:00Z,2,11,12,16,0,4
2,2020-04-08T15:05:00Z,1,10,12,17,2,4
2,2020-04-08T15:10:00Z,1,13,19,16,0,2
2,2020-04-08T15:15:00Z,-0,2,5,5,0,1
2,2020-04-08T15:20:00Z,3,29,30,38,0,13
2,2020-04-08T15:25:00Z,4,6,8,10,0,3
2,2020-04-08T15:30:00Z,3,14,12,23,9,5
2,2020-04-08T15:35:00Z,3,15,17,21,0,5
2,2020-04-08T15:40:00Z,-0,3,5,5,0,1
2,2020-04-08T15:45:00Z,1,11,11,8,0,8
2,2020-04-08T15:50:00Z,0,4,17,19,0,8
2,2020-04-08T15:55:00Z,3,11,10,7,0,0
2,2020-04-08T16:00:00Z,2,9,13,17,0,4
2,2020-04-08T16:05:00Z,3,11,8,14,1,12
2,2020-04-08T16:10:00Z,0,28,20,21,0,17
2,2020-04-08T16:15:00Z,3,9,9,13,0,1
2,2020-04-08T16:20:00Z,0,3,7,9,0,7
2,2020-04-08T16:25:00Z,2,12,14,22,0,13
2,2020-04-08T16:30:00Z,3,17,18,18,0,8
2,2020-04-08T16:35:00Z,2,10,16,21,0,5
2,2020-04-08T16:40:00Z,3,12,9,10,0,2
2,2020-04-08T16:45:00Z,2,17,14,15,0,10
2,2020-04-08T16:50:00Z,3,15,14,20,0,5
2,2020-04-08T16:55:00Z,1,15,20,22,0,17
2,2020-04-08T17:00:00Z,3,14,18,14,0,11
2,2020-04-08T17:05:00Z,2,8,7,16,0,3
2,2020-04-08T17:10:00Z,2,8,14,13,0,2
2,2020-04-08T17:20:00Z,0,3,4,5,0,0
2,2020-04-08T17:25:00Z,1,4,3,6,0,2
2,2020-04-08T17:30:00Z,1,13,18,20,0,21
2,2020-04-08T17:45:00Z,0,3,2,0,0,4
2,2020-04-08T17:55:00Z,1,3,4,5,0,1
2,2020-04-08T18:05:00Z,1,3,4,5,0,1
2,2020-04-08T18:10:00Z,0,0,10,7,0,9
2,2020-04-08T18:20:00Z,0,12,10,5,0,11
2,2020-04-08T18:25:00Z,0,5,22,14,0,13
2,2020-04-08T18:30:00Z,0,3,5,6,0,0
2,2020-04-08T18:40:00Z,2,2,3,4,0,1
2,2020-04-08T18:45:00Z,2,5,9,11,0,3
2,2020-04-08T18:55:00Z,1,4,12,5,0,3
2,2020-04-08T19:00:00Z,0,9,9,9,0,10
2,2020-04-08T19:05:00Z,0,15,11,15,4,13
2,2020-04-08T19:10:00Z,1,3,6,9,0,0
2,2020-04-08T19:15:00Z,2,10,7,14,0,7
2,2020-04-08T19:20:00Z,0,3,10,7,0,8
2,2020-04-08T19:30:00Z,2,4,5,5,0,0
2,2020-04-08T19:45:00Z,1,2,11,11,0,8
2,2020-04-08T20:10:00Z,1,6,17,11,0,8
2,2020-04-08T20:15:00Z,0,8,3,9,0,0
2,2020-04-08T20:20:00Z,0,6,3,6,0,7
2,2020-04-08T20:25:00Z,1,12,20,21,0,16
2,2020-04-08T20:35:00Z,0,8,10,15,0,13
2,2020-04-08T20:40:00Z,0,6,17,12,0,4
2,2020-04-08T21:00:00Z,0,8,9,17,0,13
2,2020-04-08T21:05:00Z,0,17,21,22,0,15
2,2020-04-08T21:10:00Z,0,10,3,15,0,12
2,2020-04-08T21:15:00Z,0,10,9,1,0,3
2,2020-04-08T21:20:00Z,0,8,1,7,0,5
2,2020-04-08T21:25:00Z,0,18,16,13,0,2
2,2020-04-08T21:35:00Z,0,2,6,1,0,4
2,2020-04-08T21:40:00Z,0,10,5,8,0,6
2,2020-04-08T21:45:00Z,0,5,1,2,0,0
2,2020-04-08T21:50:00Z,0,10,14,3,0,14
2,2020-04-08T22:00:00Z,0,8,9,6,0,1
2,2020-04-08T22:05:00Z,0,2,3,10,0,10
2,2020-04-08T22:10:00Z,0,20,11,13,0,11
2,2020-04-08T22:15:00Z,0,4,10,5,0,0
2,2020-04-08T22:30:00Z,0,2,0,10,0,7
2,2020-04-08T22:35:00Z,0,2,0,10,0,1
2,2020-04-08T22:40:00Z,0,14,8,11,0,11
2,2020-04-08T22:50:00Z,1,10,13,12,0,10
2,2020-04-08T22:55:00Z,0,5,10,8,0,9
2,2020-04-08T23:10:00Z,0,5,13,16,0,8
2,2020-04-08T23:15:00Z,0,5,10,7,0,5
2,2020-04-08T23:30:00Z,0,10,4,8,0,10
3,2020-04-08T00:05:00Z,0,6,3,9,5,1
3,2020-04-08T00:25:00Z,1,1,4,4,10,18
3,2020-04-08T00:30:00Z,0,3,11,12,11,14
3,2020-04-08T00:35:00Z,0,2,3,9,7,8
3,2020-04-08T00:45:00Z,0,4,3,10,0,1
3,2020-04-08T01:00:00Z,0,9,10,1,10,1
3,2020-04-08T01:20:00Z,0,5,19,8,17,0
3,2020-04-08T01:30:00Z,0,5,6,8,7,1
3,2020-04-08T01:40:00Z,0,10,0,10,3,5
3,2020-04-08T01:55:00Z,0,10,2,10,1,10
3,2020-04-08T02:00:00Z,0,9,5,3,4,9
3,2020-04-08T02:15:00Z,0,0,0,8,10,7
3,2020-04-08T02:30:00Z,0,10,1,5,6,6
3,2020-04-08T02:35:00Z,0,7,0,10,2,1
3,2020-04-08T02:40:00Z,0,7,0,6,5,7
3,2020-04-08T02:55:00Z,0,6,3,0,10,0
3,2020-04-08T03:05:00Z,0,4,5,4,7,2
3,2020-04-08T03:20:00Z,0,10,17,12,5,9
3,2020-04-08T03:25:00Z,0,10,12,11,14,8
3,2020-04-08T03:35:00Z,0,10,0,0,5,1
3,2020-04-08T04:05:00Z,0,6,4,10,10,7
3,2020-04-08T04:15:00Z,0,10,2,10,5,1
3,2020-04-08T04:20:00Z,0,1,8,3,6,1
3,2020-04-08T04:25:00Z,0,15,16,12,14,10
3,2020-04-08T04:40:00Z,0,6,6,6,8,4
3,2020-04-08T04:45:00Z,0,6,8,0,3,5
3,2020-04-08T04:50:00Z,0,3,8,2,10,5
3,2020-04-08T05:00:00Z,0,8,6,10,9,10
3,2020-04-08T05:05:00Z,0,2,9,1,3,5
3,2020-04-08T05:10:00Z,0,11,0,4,18,14
3,2020-04-08T05:15:00Z,0,7,8,6,2,9
3,2020-04-08T05:30:00Z,0,10,6,9,3,4
3,2020-04-08T05:45:00Z,0,5,5,0,10,8
3,2020-04-08T06:00:00Z,0,7,0,0,7,4
3,2020-04-08T06:15:00Z,0,5,7,10,8,7
3,2020-04-08T06:30:00Z,0,4,1,9,10,10
3,2020-04-08T06:35:00Z,0,0,8,4,10,10
3,2020-04-08T06:45:00Z,0,15,16,13,18,6
3,2020-04-08T06:50:00Z,1,1,9,4,10,2
3,2020-04-08T06:55:00Z,0,10,9,3,1,10
3,2020-04-08T07:00:00Z,0,1,3,5,7,2
3,2020-04-08T07:20:00Z,0,14,15,13,13,18
3,2020-04-08T07:30:00Z,0,10,22,12,17,14
3,2020-04-08T07:50:00Z,0,2,6,9,5,10
3,2020-04-08T07:55:00Z,0,6,7,3,4,10
3,2020-04-08T08:10:00Z,0,2,8,15,7,11
3,2020-04-08T08:20:00Z,1,19,7,3,9,3
3,2020-04-08T08:30:00Z,0,14,14,11,2,9
3,2020-04-08T08:35:00Z,8,1353,1816,1379,1593,1151
3,2020-04-08T08:40:00Z,8,3102,4080,3074,3558,2560
3,2020-04-08T08:45:00Z,9,2975,3980,2983,3489,2527
3,2020-04-08T08:50:00Z,8,2841,3753,2831,3303,2371
3,2020-04-08T08:55:00Z,8,2937,3886,2895,3406,2424
3,2020-04-08T09:00:00Z,8,2595,3482,2630,3047,2185
3,2020-04-08T09:05:00Z,8,2660,3519,2625,3078,2204
3,2020-04-08T09:10:00Z,8,2433,3220,2442,2857,2026
3,2020-04-08T09:15:00Z,8,2777,3588,2761,3175,2316
4,2020-04-08T00:20:00Z,0,3,2,10,0,4
4,2020-04-08T00:50:00Z,0,16,18,9,0,14
4,2020-04-08T01:10:00Z,0,1,5,10,0,5
4,2020-04-08T01:50:00Z,0,6,2,8,0,6
4,2020-04-08T02:00:00Z,0,3,2,4,0,9
4,2020-04-08T02:30:00Z,0,5,0,0,0,5
4,2020-04-08T02:45:00Z,0,10,7,0,0,5
4,2020-04-08T03:00:00Z,0,8,9,6,0,10
4,2020-04-08T03:15:00Z,0,8,3,11,0,17
4,2020-04-08T03:50:00Z,0,2,10,9,0,4
4,2020-04-08T03:55:00Z,0,9,2,9,0,6
4,2020-04-08T04:00:00Z,0,1,5,2,0,4
4,2020-04-08T04:15:00Z,0,2,2,3,0,3
4,2020-04-08T04:55:00Z,0,6,4,5,6,9
4,2020-04-08T05:35:00Z,0,8,2,10,0,0
4,2020-04-08T06:00:00Z,0,10,1,10,0,9
4,2020-04-08T06:10:00Z,0,5,19,15,0,14
4,2020-04-08T06:35:00Z,0,17,10,9,0,12
4,2020-04-08T07:45:00Z,0,0,2,2,0,5
4,2020-04-08T07:50:00Z,0,5,7,10,0,4
4,2020-04-08T08:20:00Z,0,14,8,19,0,11
4,2020-04-08T08:35:00Z,7,10,10,13,0,8
4,2020-04-08T08:40:00Z,8,45,40,42,0,21
4,2020-04-08T08:45:00Z,8,93,66,63,0,42
4,2020-04-08T08:50:00Z,8,108,85,90,1,54
4,2020-04-08T08:55:00Z,7,97,73,74,7,50
4,2020-04-08T09:00:00Z,7,192,133,141,0,104
4,2020-04-08T09:05:00Z,7,210,163,162,9,123
4,2020-04-08T09:10:00Z,8,254,198,210,2,165
4,2020-04-08T09:15:00Z,7,258,214,205,13,168
4,2020-04-08T09:20:00Z,7,202,163,161,0,116
4,2020-04-08T09:25:00Z,7,324,262,251,0,193
4,2020-04-08T09:30:00Z,8,206,164,163,14,119
4,2020-04-08T09:35:00Z,7,262,214,218,8,153
4,2020-04-08T09:40:00Z,8,257,195,193,8,146
4,2020-04-08T09:45:00Z,8,215,167,162,0,119
4,2020-04-08T09:50:00Z,7,200,168,155,0,129
4,2020-04-08T09:55:00Z,8,223,180,178,10,134
4,2020-04-08T10:00:00Z,7,230,179,181,0,132
4,2020-04-08T10:05:00Z,7,213,166,163,3,131
4,2020-04-08T10:10:00Z,7,178,136,129,0,104
4,2020-04-08T10:15:00Z,7,314,266,255,0,187
4,2020-04-08T10:20:00Z,8,236,190,201,7,140
4,2020-04-08T10:25:00Z,7,206,169,159,0,133
4,2020-04-08T10:30:00Z,7,200,158,169,7,139
4,2020-04-08T10:35:00Z,7,142,113,113,0,91
4,2020-04-08T10:40:00Z,7,132,112,107,0,82
4,2020-04-08T10:45:00Z,7,123,105,110,6,76
4,2020-04-08T10:50:00Z,9,214,162,163,0,117
4,2020-04-08T10:55:00Z,7,122,96,93,1,71
4,2020-04-08T11:00:00Z,8,155,125,124,0,92
4,2020-04-08T11:05:00Z,7,106,83,87,10,64
4,2020-04-08T11:10:00Z,6,119,89,95,0,67
4,2020-04-08T11:15:00Z,7,145,115,117,0,85
4,2020-04-08T11:20:00Z,7,122,104,98,6,62
4,2020-04-08T11:25:00Z,8,94,74,76,7,62
4,2020-04-08T11:30:00Z,7,88,71,74,8,51
4,2020-04-08T11:35:00Z,7,64,45,49,0,31
4,2020-04-08T11:40:00Z,7,114,93,87,9,67
4,2020-04-08T11:45:00Z,7,96,80,82,0,61
4,2020-04-08T11:50:00Z,8,74,59,59,0,42
4,2020-04-08T11:55:00Z,7,74,60,63,0,47
4,2020-04-08T12:00:00Z,7,71,54,59,2,42
4,2020-04-08T12:05:00Z,6,39,27,27,0,22
4,2020-04-08T12:10:00Z,7,61,45,41,0,36
4,2020-04-08T12:15:00Z,7,93,68,72,0,55
4,2020-04-08T12:20:00Z,7,62,49,46,0,41
4,2020-04-08T12:25:00Z,8,63,50,54,3,41
4,2020-04-08T12:30:00Z,7,71,55,53,0,39
4,2020-04-08T12:35:00Z,7,66,54,54,0,44
4,2020-04-08T12:40:00Z,7,63,51,51,0,38
4,2020-04-08T12:45:00Z,7,58,42,45,0,32
4,2020-04-08T12:50:00Z,6,53,45,37,0,30
4,2020-04-08T12:55:00Z,7,83,59,63,0,48
4,2020-04-08T13:00:00Z,8,58,49,47,0,31
4,2020-04-08T13:05:00Z,7,60,45,42,0,36
4,2020-04-08T13:10:00Z,7,32,35,34,0,32
4,2020-04-08T13:15:00Z,6,35,29,33,0,22
4,2020-04-08T13:20:00Z,6,40,36,42,0,27
4,2020-04-08T13:25:00Z,8,61,43,43,0,30
4,2020-04-08T13:30:00Z,7,57,48,40,4,36
4,2020-04-08T13:35:00Z,7,34,28,31,0,21
4,2020-04-08T13:40:00Z,6,12,7,8,0,4
4,2020-04-08T13:45:00Z,7,29,20,16,0,16
4,2020-04-08T13:50:00Z,6,25,21,22,7,23
4,2020-04-08T13:55:00Z,6,22,17,18,0,14
4,2020-04-08T14:00:00Z,4,25,18,21,6,20
4,2020-04-08T14:05:00Z,6,9,6,5,0,4
4,2020-04-08T14:10:00Z,6,20,16,19,0,14
4,2020-04-08T14:15:00Z,6,30,21,24,0,13
4,2020-04-08T14:20:00Z,6,16,11,13,0,8
4,2020-04-08T14:25:00Z,6,16,13,13,0,9
4,2020-04-08T14:30:00Z,6,20,19,14,0,9
4,2020-04-08T14:35:00Z,6,8,7,9,0,6
4,2020-04-08T14:40:00Z,7,2,4,3,0,3
4,2020-04-08T14:45:00Z,3,6,6,6,0,5
4,2020-04-08T14:50:00Z,6,22,18,20,0,13
4,2020-04-08T14:55:00Z,6,8,5,5,0,6
4,2020-04-08T15:00:00Z,6,9,11,8,0,8
4,2020-04-08T15:05:00Z,1,8,5,5,0,4
4,2020-04-08T15:10:00Z,6,20,17,17,0,13
4,2020-04-08T15:20:00Z,6,20,18,12,0,11
4,2020-04-08T15:30:00Z,6,4,3,4,0,2
4,2020-04-08T15:40:00Z,7,19,14,12,0,11
4,2020-04-08T15:45:00Z,0,16,11,5,0,10
4,2020-04-08T15:50:00Z,7,11,8,8,0,7
4,2020-04-08T15:55:00Z,7,12,4,3,0,1
4,2020-04-08T16:00:00Z,6,33,24,21,0,19
4,2020-04-08T16:10:00Z,0,4,7,3,0,1
4,2020-04-08T16:15:00Z,7,11,7,8,0,5
4,2020-04-08T16:20:00Z,6,7,7,7,0,4
4,2020-04-08T16:25:00Z,5,3,3,3,0,2
4,2020-04-08T16:35:00Z,1,11,14,5,0,13
4,2020-04-08T16:40:00Z,0,5,4,5,0,5
4,2020-04-08T16:45:00Z,1,6,5,5,0,4
4,2020-04-08T16:50:00Z,6,14,6,5,0,9
4,2020-04-08T16:55:00Z,6,17,20,21,0,14
4,2020-04-08T17:00:00Z,6,5,5,4,0,2
4,2020-04-08T17:05:00Z,6,5,3,4,0,1
4,2020-04-08T17:10:00Z,0,10,1,3,0,10
4,2020-04-08T17:20:00Z,6,3,2,3,0,2
4,2020-04-08T17:30:00Z,6,11,9,8,0,5
4,2020-04-08T17:35:00Z,0,4,8,2,0,1
4,2020-04-08T17:50:00Z,6,4,3,4,0,2
4,2020-04-08T18:15:00Z,3,7,6,6,0,4
4,2020-04-08T18:20:00Z,7,8,6,7,0,4
4,2020-04-08T18:35:00Z,6,4,3,3,0,2
4,2020-04-08T18:45:00Z,0,5,3,5,0,7
4,2020-04-08T19:10:00Z,3,6,5,5,0,4
4,2020-04-08T19:30:00Z,0,6,7,10,0,6
4,2020-04-08T19:45:00Z,1,8,10,5,0,6
4,2020-04-08T21:20:00Z,0,2,5,2,0,0
4,2020-04-08T22:05:00Z,0,5,4,3,0,9
4,2020-04-08T22:40:00Z,0,2,2,9,0,10
4,2020-04-08T23:25:00Z,0,10,1,6,0,5
4,2020-04-08T23:30:00Z,0,6,2,7,7,1
5,2020-04-08T00:00:00Z,0,7,7,0,2,10
5,2020-04-08T00:05:00Z,0,8,4,7,3,10
5,2020-04-08T00:10:00Z,0,6,4,3,10,7
5,2020-04-08T00:20:00Z,0,10,6,3,9,1
5,2020-04-08T00:25:00Z,0,9,2,6,6,6
5,2020-04-08T00:30:00Z,0,6,4,1,10,8
5,2020-04-08T01:45:00Z,1,9,2,7,0,9
5,2020-04-08T02:05:00Z,0,6,2,4,10,4
5,2020-04-08T02:20:00Z,0,0,4,1,1,6
5,2020-04-08T02:30:00Z,0,3,1,0,8,9
5,2020-04-08T02:55:00Z,0,9,10,2,10,2
5,2020-04-08T03:10:00Z,0,7,10,1,6,7
5,2020-04-08T03:50:00Z,0,0,10,9,5,2
5,2020-04-08T04:05:00Z,0,0,6,3,10,4
5,2020-04-08T04:10:00Z,0,9,4,10,5,10
5,2020-04-08T04:15:00Z,0,2,1,10,3,10
5,2020-04-08T04:20:00Z,0,4,4,3,5,8
5,2020-04-08T04:25:00Z,0,10,3,2,10,9
5,2020-04-08T04:50:00Z,0,5,10,10,3,5
5,2020-04-08T05:10:00Z,0,12,15,17,18,9
5,2020-04-08T05:20:00Z,0,6,7,2,9,7
5,2020-04-08T05:30:00Z,0,0,0,2,6,1
5,2020-04-08T05:45:00Z,0,1,5,9,5,4
5,2020-04-08T06:25:00Z,0,13,11,13,11,9
5,2020-04-08T06:30:00Z,0,2,9,4,4,5
5,2020-04-08T06:40:00Z,0,8,8,2,9,0
5,2020-04-08T07:50:00Z,0,1,10,6,7,4
5,2020-04-08T08:00:00Z,0,1,9,1,6,0
5,2020-04-08T08:10:00Z,0,10,4,2,6,10
5,2020-04-08T08:20:00Z,0,2,7,6,7,2
5,2020-04-08T08:30:00Z,0,1,0,6,3,7
5,2020-04-08T08:35:00Z,1,19,29,26,13,23
5,2020-04-08T08:40:00Z,2,104,153,94,30,77
5,2020-04-08T08:45:00Z,2,114,172,117,24,85
5,2020-04-08T08:50:00Z,2,93,148,99,24,70
5,2020-04-08T08:55:00Z,2,119,172,112,33,95
5,2020-04-08T09:00:00Z,2,138,222,148,31,114
5,2020-04-08T09:05:00Z,2,118,172,107,25,84
5,2020-04-08T09:10:00Z,2,130,213,144,31,111
5,2020-04-08T09:15:00Z,2,121,173,125,33,90
5,2020-04-08T09:20:00Z,3,110,172,112,28,96
5,2020-04-08T09:25:00Z,3,141,218,148,45,113
5,2020-04-08T09:30:00Z,2,92,153,97,23,82
5,2020-04-08T09:35:00Z,2,112,178,116,33,88
5,2020-04-08T09:40:00Z,2,94,133,92,25,62
5,2020-04-08T09:45:00Z,3,63,96,63,15,47
5,2020-04-08T09:50:00Z,2,85,136,89,29,71
5,2020-04-08T09:55:00Z,2,77,111,81,18,59
5,2020-04-08T10:00:00Z,2,55,84,54,13,45
5,2020-04-08T10:05:00Z,2,53,86,58,16,37
5,2020-04-08T10:10:00Z,2,66,99,67,15,49
5,2020-04-08T10:15:00Z,2,89,140,93,24,64
5,2020-04-08T10:20:00Z,2,90,135,94,25,70
5,2020-04-08T10:25:00Z,2,56,78,50,10,41
5,2020-04-08T10:30:00Z,2,82,130,90,24,63
5,2020-04-08T10:35:00Z,2,72,109,73,20,53
5,2020-04-08T10:40:00Z,2,83,122,82,18,52
5,2020-04-08T10:45:00Z,2,52,82,47,16,40
5,2020-04-08T10:50:00Z,2,61,86,65,21,42
5,2020-04-08T10:55:00Z,2,63,94,63,18,53
5,2020-04-08T11:00:00Z,2,85,122,80,21,64
5,2020-04-08T11:05:00Z,2,68,99,67,29,54
5,2020-04-08T11:10:00Z,3,88,146,85,31,66
5,2020-04-08T11:15:00Z,2,43,61,43,10,35
5,2020-04-08T11:20:00Z,2,71,108,73,16,54
5,2020-04-08T11:25:00Z,1,43,64,41,11,28
5,2020-04-08T11:30:00Z,2,46,65,45,15,34
5,2020-04-08T11:35:00Z,2,20,32,20,5,16
5,2020-04-08T11:40:00Z,2,42,61,37,7,29
5,2020-04-08T11:45:00Z,2,42,65,47,11,37
5,2020-04-08T11:50:00Z,2,45,74,47,10,35
5,2020-04-08T11:55:00Z,2,30,49,36,6,25
5,2020-04-08T12:00:00Z,2,55,79,52,11,36
5,2020-04-08T12:05:00Z,1,7,12,8,3,7
5,2020-04-08T12:10:00Z,3,29,42,29,10,24
5,2020-04-08T12:15:00Z,2,33,48,42,17,32
5,2020-04-08T12:20:00Z,2,37,55,36,6,24
5,2020-04-08T12:25:00Z,1,20,24,23,7,17
5,2020-04-08T12:30:00Z,2,17,33,21,6,16
5,2020-04-08T12:35:00Z,1,18,23,16,5,13
5,2020-04-08T12:40:00Z,2,15,22,16,2,12
5,2020-04-08T12:45:00Z,1,3,6,3,1,3
5,2020-04-08T12:50:00Z,1,12,18,10,2,9
5,2020-04-08T12:55:00Z,1,7,13,8,2,5
5,2020-04-08T13:00:00Z,2,20,33,22,5,10
5,2020-04-08T13:05:00Z,1,21,29,22,5,15
5,2020-04-08T13:10:00Z,1,41,39,28,23,30
5,2020-04-08T13:15:00Z,0,5,6,4,0,3
5,2020-04-08T13:20:00Z,1,8,12,8,4,3
5,2020-04-08T13:25:00Z,1,14,18,12,4,10
5,2020-04-08T13:30:00Z,0,11,14,5,8,14
5,2020-04-08T13:35:00Z,3,13,33,25,9,20
5,2020-04-08T13:40:00Z,1,19,24,16,3,9
5,2020-04-08T13:45:00Z,0,5,5,4,1,2
5,2020-04-08T13:50:00Z,0,4,6,5,1,1
5,2020-04-08T13:55:00Z,1,5,7,5,1,2
5,2020-04-08T14:00:00Z,1,4,6,4,1,3
5,2020-04-08T14:05:00Z,-0,5,5,3,0,4
5,2020-04-08T14:10:00Z,0,3,5,3,1,3
5,2020-04-08T14:15:00Z,0,6,10,7,8,3
5,2020-04-08T14:30:00Z,0,7,13,8,2,6
5,2020-04-08T14:35:00Z,0,9,15,8,12,9
5,2020-04-08T14:40:00Z,0,5,7,3,1,3
5,2020-04-08T14:50:00Z,0,8,3,10,4,5
5,2020-04-08T14:55:00Z,2,10,14,19,9,10
5,2020-04-08T15:00:00Z,1,11,13,8,1,6
5,2020-04-08T15:05:00Z,-0,4,7,4,1,3
5,2020-04-08T15:10:00Z,-0,9,11,7,2,6
5,2020-04-08T15:15:00Z,0,3,5,4,1,1
5,2020-04-08T15:30:00Z,1,5,5,4,2,3
5,2020-04-08T15:40:00Z,0,8,10,7,9,2
5,2020-04-08T15:45:00Z,0,2,7,5,3,3
5,2020-04-08T15:50:00Z,0,8,0,10,10,5
5,2020-04-08T15:55:00Z,0,6,6,12,11,18
5,2020-04-08T16:00:00Z,0,5,11,9,9,6
5,2020-04-08T16:05:00Z,0,4,6,4,1,2
5,2020-04-08T16:10:00Z,-0,4,5,4,2,3
5,2020-04-08T16:20:00Z,0,3,10,8,1,7
5,2020-04-08T16:35:00Z,0,3,6,4,1,2
5,2020-04-08T17:05:00Z,0,9,10,18,16,7
5,2020-04-08T17:10:00Z,0,2,9,8,3,2
5,2020-04-08T17:15:00Z,-0,3,5,4,0,4
5,2020-04-08T17:25:00Z,0,8,14,6,5,13
5,2020-04-08T17:30:00Z,0,2,0,4,5,3
5,2020-04-08T18:00:00Z,0,11,6,7,4,20
5,2020-04-08T18:05:00Z,0,5,2,9,5,10
5,2020-04-08T18:10:00Z,0,3,4,3,8,6
5,2020-04-08T19:05:00Z,1,5,7,4,0,10
5,2020-04-08T19:20:00Z,1,7,3,0,0,6
5,2020-04-08T19:30:00Z,0,2,8,10,4,1
5,2020-04-08T19:40:00Z,0,4,5,4,0,3
5,2020-04-08T19:45:00Z,0,1,7,5,1,9
5,2020-04-08T20:05:00Z,0,9,10,1,2,8
5,2020-04-08T20:25:00Z,0,15,7,10,4,5
5,2020-04-08T20:30:00Z,0,7,16,12,4,14
5,2020-04-08T22:00:00Z,0,10,5,1,7,10
5,2020-04-08T22:10:00Z,0,10,1,2,10,9
5,2020-04-08T22:15:00Z,0,9,3,2,4,6
5,2020-04-08T22:45:00Z,0,6,3,2,9,2
5,2020-04-08T23:20:00Z,0,7,8,0,2,5
6,2020-04-08T00:10:00Z,1,12,12,11,18,10
6,2020-04-08T00:20:00Z,0,2,11,2,12,15
6,2020-04-08T00:30:00Z,0,7,3,4,10,10
6,2020-04-08T00:45:00Z,0,12,30,28,32,27
6,2020-04-08T01:00:00Z,0,4,10,6,5,8
6,2020-04-08T01:15:00Z,0,10,1,1,5,9
6,2020-04-08T01:30:00Z,0,10,6,2,10,0
6,2020-04-08T01:35:00Z,0,10,2,9,4,4
6,2020-04-08T01:45:00Z,0,16,13,12,10,14
6,2020-04-08T02:00:00Z,0,6,12,17,12,13
6,2020-04-08T02:10:00Z,0,2,9,1,3,1
6,2020-04-08T02:20:00Z,0,11,20,13,13,2
6,2020-04-08T02:25:00Z,1,0,6,6,9,7
6,2020-04-08T02:35:00Z,0,16,21,14,10,18
6,2020-04-08T02:40:00Z,0,6,9,14,5,3
6,2020-04-08T02:55:00Z,0,3,0,1,6,1
6,2020-04-08T03:00:00Z,0,1,0,10,7,1
6,2020-04-08T03:05:00Z,0,0,10,0,3,10
6,2020-04-08T03:10:00Z,1,1,10,7,6,3
6,2020-04-08T03:15:00Z,1,5,10,10,10,1
6,2020-04-08T03:30:00Z,1,8,10,8,4,2
6,2020-04-08T03:35:00Z,0,9,10,3,0,7
6,2020-04-08T03:40:00Z,0,25,6,12,10,22
6,2020-04-08T03:45:00Z,0,10,17,20,16,4
6,2020-04-08T03:50:00Z,0,7,18,8,5,7
6,2020-04-08T03:55:00Z,0,5,4,3,5,6
6,2020-04-08T04:00:00Z,0,3,10,19,19,12
6,2020-04-08T04:15:00Z,0,8,18,10,25,17
6,2020-04-08T04:20:00Z,0,6,15,9,1,14
6,2020-04-08T04:30:00Z,0,12,4,18,15,10
6,2020-04-08T04:45:00Z,0,10,10,7,10,8
6,2020-04-08T04:50:00Z,0,3,6,6,0,2
6,2020-04-08T04:55:00Z,0,10,6,10,10,9
6,2020-04-08T05:00:00Z,0,3,21,24,28,16
6,2020-04-08T05:10:00Z,0,4,9,3,5,10
6,2020-04-08T05:35:00Z,0,8,10,6,3,6
6,2020-04-08T05:45:00Z,0,10,10,4,1,1
6,2020-04-08T05:50:00Z,0,5,8,8,15,14
6,2020-04-08T05:55:00Z,0,7,5,4,7,10
6,2020-04-08T06:05:00Z,1,8,10,7,10,0
6,2020-04-08T06:15:00Z,0,0,7,10,6,7
6,2020-04-08T06:25:00Z,0,10,8,2,10,10
6,2020-04-08T06:30:00Z,0,2,0,8,4,1
6,2020-04-08T06:45:00Z,0,0,9,1,9,0
6,2020-04-08T06:50:00Z,0,16,18,15,16,14
6,2020-04-08T07:00:00Z,0,21,15,21,9,10
6,2020-04-08T07:10:00Z,0,2,9,4,7,9
6,2020-04-08T07:15:00Z,0,1,10,10,9,5
6,2020-04-08T07:20:00Z,0,4,9,4,4,8
6,2020-04-08T07:25:00Z,0,4,4,8,6,0
6,2020-04-08T07:55:00Z,0,2,2,1,10,10
6,2020-04-08T08:10:00Z,0,9,0,9,5,4
6,2020-04-08T08:20:00Z,0,9,3,10,4,4
6,2020-04-08T08:25:00Z,0,7,3,7,0,10
6,2020-04-08T08:30:00Z,0,9,2,0,10,0
6,2020-04-08T08:35:00Z,3,28,27,28,28,29
6,2020-04-08T08:40:00Z,3,67,66,59,66,66
6,2020-04-08T08:45:00Z,3,71,66,76,69,69
6,2020-04-08T08:50:00Z,4,97,93,91,107,90
6,2020-04-08T08:55:00Z,4,67,75,69,68,69
6,2020-04-08T09:00:00Z,3,85,83,77,83,80
6,2020-04-08T09:05:00Z,4,66,85,75,79,85
6,2020-04-08T09:10:00Z,4,78,77,85,69,65
6,2020-04-08T09:15:00Z,3,52,40,59,57,47
6,2020-04-08T09:20:00Z,3,58,62,59,70,64
6,2020-04-08T09:25:00Z,3,65,53,69,72,64
6,2020-04-08T09:30:00Z,3,47,48,48,48,43
6,2020-04-08T09:35:00Z,3,63,59,70,55,64
6,2020-04-08T09:40:00Z,4,55,47,49,49,57
6,2020-04-08T09:45:00Z,3,35,32,33,31,47
6,2020-04-08T09:50:00Z,4,38,41,46,47,40
6,2020-04-08T09:55:00Z,3,51,48,40,55,47
6,2020-04-08T10:00:00Z,3,45,37,36,45,41
6,2020-04-08T10:05:00Z,3,45,33,39,37,42
6,2020-04-08T10:10:00Z,3,38,39,35,36,41
6,2020-04-08T10:15:00Z,4,23,19,21,22,22
6,2020-04-08T10:20:00Z,3,38,42,40,37,41
6,2020-04-08T10:25:00Z,3,40,41,45,44,50
6,2020-04-08T10:30:00Z,3,70,71,64,57,61
6,2020-04-08T10:35:00Z,3,33,32,43,41,36
6,2020-04-08T10:40:00Z,3,37,36,36,32,36
6,2020-04-08T10:45:00Z,3,34,28,34,38,40
6,2020-04-08T10:50:00Z,3,56,49,51,60,58
6,2020-04-08T10:55:00Z,3,43,45,37,50,51
6,2020-04-08T11:00:00Z,2,39,32,42,35,41
6,2020-04-08T11:05:00Z,3,46,44,42,39,42
6,2020-04-08T11:10:00Z,3,51,49,47,59,53
6,2020-04-08T11:15:00Z,3,26,31,37,35,35
6,2020-04-08T11:20:00Z,4,33,31,38,33,30
6,2020-04-08T11:25:00Z,3,38,35,48,37,51
6,2020-04-08T11:30:00Z,2,22,26,21,23,20
6,2020-04-08T11:35:00Z,2,44,33,33,40,29
6,2020-04-08T11:40:00Z,1,9,11,9,11,9
6,2020-04-08T11:45:00Z,3,25,20,28,22,24
6,2020-04-08T11:50:00Z,3,27,32,22,28,23
6,2020-04-08T11:55:00Z,4,40,41,50,34,42
6,2020-04-08T12:00:00Z,3,28,37,34,32,37
6,2020-04-08T12:05:00Z,3,19,17,19,16,19
6,2020-04-08T12:10:00Z,3,18,16,24,32,22
6,2020-04-08T12:15:00Z,3,25,25,30,20,23
6,2020-04-08T12:20:00Z,2,22,14,18,17,21
6,2020-04-08T12:25:00Z,2,10,9,8,14,11
6,2020-04-08T12:30:00Z,3,25,20,19,19,26
6,2020-04-08T12:35:00Z,3,19,21,22,18,19
6,2020-04-08T12:40:00Z,2,12,9,12,16,13
6,2020-04-08T12:45:00Z,3,18,18,16,16,18
6,2020-04-08T12:50:00Z,3,16,19,11,16,20
6,2020-04-08T12:55:00Z,2,22,20,16,17,19
6,2020-04-08T13:00:00Z,3,5,9,8,5,6
6,2020-04-08T13:05:00Z,2,13,16,14,17,15
6,2020-04-08T13:10:00Z,2,10,7,8,12,12
6,2020-04-08T13:15:00Z,2,18,22,19,19,20
6,2020-04-08T13:20:00Z,2,23,25,26,28,27
6,2020-04-08T13:25:00Z,3,9,8,4,5,6
6,2020-04-08T13:30:00Z,2,4,9,6,6,7
6,2020-04-08T13:35:00Z,0,7,4,6,5,9
6,2020-04-08T13:40:00Z,-0,3,3,3,3,2
6,2020-04-08T13:45:00Z,1,6,8,7,6,5
6,2020-04-08T13:50:00Z,1,21,19,16,20,16
6,2020-04-08T13:55:00Z,3,8,8,7,7,8
6,2020-04-08T14:00:00Z,2,7,5,7,6,5
6,2020-04-08T14:05:00Z,3,4,1,3,4,4
6,2020-04-08T14:10:00Z,1,4,3,4,5,4
6,2020-04-08T14:20:00Z,3,10,22,15,23,19
6,2020-04-08T14:25:00Z,3,7,11,10,13,14
6,2020-04-08T14:30:00Z,1,4,6,4,3,3
6,2020-04-08T14:35:00Z,2,11,11,16,14,15
6,2020-04-08T14:40:00Z,2,3,14,14,12,15
6,2020-04-08T14:45:00Z,1,9,4,12,12,4
6,2020-04-08T14:50:00Z,0,2,3,1,2,2
6,2020-04-08T14:55:00Z,0,3,2,3,2,1
6,2020-04-08T15:00:00Z,3,16,7,15,13,6
6,2020-04-08T15:05:00Z,2,11,20,17,12,18
6,2020-04-08T15:15:00Z,3,8,10,14,10,5
6,2020-04-08T15:20:00Z,1,28,19,24,14,14
6,2020-04-08T15:35:00Z,2,16,13,18,20,18
6,2020-04-08T15:40:00Z,0,7,2,3,1,11
6,2020-04-08T15:50:00Z,0,13,1,7,7,1
6,2020-04-08T15:55:00Z,2,12,8,10,10,9
6,2020-04-08T16:00:00Z,1,9,14,9,8,10
6,2020-04-08T16:05:00Z,1,1,3,1,3,2
6,2020-04-08T16:15:00Z,0,39,12,28,24,30
6,2020-04-08T16:20:00Z,2,16,18,20,7,15
6,2020-04-08T16:25:00Z,0,17,9,14,6,12
6,2020-04-08T16:30:00Z,0,1,0,6,1,8
6,2020-04-08T16:40:00Z,2,2,3,3,1,2
6,2020-04-08T16:45:00Z,0,8,9,0,3,3
6,2020-04-08T16:50:00Z,0,6,3,8,4,9
6,2020-04-08T16:55:00Z,0,9,2,1,2,0
6,2020-04-08T17:00:00Z,0,12,17,16,8,16
6,2020-04-08T17:05:00Z,0,22,22,13,16,4
6,2020-04-08T17:15:00Z,0,13,4,9,10,3
6,2020-04-08T17:20:00Z,1,10,10,6,18,11
6,2020-04-08T17:25:00Z,0,9,0,3,3,2
6,2020-04-08T17:30:00Z,0,0,1,6,8,4
6,2020-04-08T17:35:00Z,0,6,6,7,0,0
6,2020-04-08T17:40:00Z,0,7,15,10,9,11
6,2020-04-08T17:50:00Z,0,5,10,4,4,8
6,2020-04-08T18:05:00Z,0,2,7,4,4,1
6,2020-04-08T18:10:00Z,0,11,10,10,19,19
6,2020-04-08T18:15:00Z,0,5,0,9,9,6
6,2020-04-08T18:20:00Z,0,10,9,9,9,1
6,2020-04-08T18:25:00Z,0,24,2,21,10,14
6,2020-04-08T18:35:00Z,0,5,1,6,8,8
6,2020-04-08T18:45:00Z,0,12,17,12,21,23
6,2020-04-08T18:50:00Z,0,11,20,14,21,3
6,2020-04-08T18:55:00Z,-0,2,3,1,3,3
6,2020-04-08T19:05:00Z,0,6,6,0,10,6
6,2020-04-08T19:15:00Z,1,22,22,20,18,8
6,2020-04-08T19:20:00Z,0,12,12,28,19,25
6,2020-04-08T19:30:00Z,0,9,1,6,8,3
6,2020-04-08T19:40:00Z,0,20,6,11,17,11
6,2020-04-08T19:45:00Z,0,11,17,5,1,8
6,2020-04-08T19:50:00Z,0,19,15,11,17,23
6,2020-04-08T19:55:00Z,0,4,9,2,1,10
6,2020-04-08T20:25:00Z,0,15,13,11,12,15
6,2020-04-08T20:40:00Z,0,15,18,11,18,20
6,2020-04-08T20:50:00Z,1,12,14,18,10,14
6,2020-04-08T20:55:00Z,0,13,7,17,8,9
6,2020-04-08T21:00:00Z,0,9,11,5,8,13
6,2020-04-08T21:10:00Z,0,15,21,27,20,11
6,2020-04-08T21:15:00Z,0,17,23,20,19,14
6,2020-04-08T21:25:00Z,1,16,19,10,16,9
6,2020-04-08T21:30:00Z,0,5,6,10,2,8
6,2020-04-08T21:35:00Z,0,20,20,17,8,5
6,2020-04-08T21:40:00Z,0,2,17,17,11,18
6,2020-04-08T21:50:00Z,0,9,10,10,2,10
6,2020-04-08T22:00:00Z,0,11,2,5,2,12
6,2020-04-08T22:05:00Z,0,25,6,9,15,22
6,2020-04-08T22:15:00Z,1,11,20,18,17,23
6,2020-04-08T22:40:00Z,0,8,10,14,8,16
6,2020-04-08T22:50:00Z,1,3,7,8,4,1
6,2020-04-08T23:00:00Z,0,0,7,2,10,9
6,2020-04-08T23:05:00Z,0,13,11,16,20,5
6,2020-04-08T23:15:00Z,0,1,7,6,5,6
6,2020-04-08T23:20:00Z,0,1,6,9,10,10
6,2020-04-08T23:25:00Z,1,4,6,10,3,0
6,2020-04-08T23:30:00Z,0,35,19,27,17,15
6,2020-04-08T23:35:00Z,0,10,10,2,3,8
6,2020-04-08T23:45:00Z,0,32,30,36,37,21
6,2020-04-08T23:50:00Z,0,6,7,9,6,0
6,2020-04-08T23:55:00Z,0,3,9,3,9,10
7,2020-04-08T08:35:00Z,6,0,8,6,0,0
7,2020-04-08T08:40:00Z,5,0,18,13,0,0
7,2020-04-08T08:45:00Z,6,0,30,24,0,0
7,2020-04-08T08:50:00Z,6,0,31,23,0,0
7,2020-04-08T08:55:00Z,6,0,27,19,0,0
7,2020-04-08T09:00:00Z,7,0,43,30,0,0
7,2020-04-08T09:05:00Z,6,0,35,25,0,0
7,2020-04-08T09:10:00Z,5,0,24,19,0,7
7,2020-04-08T09:15:00Z,6,0,42,32,0,0
7,2020-04-08T09:20:00Z,6,7,56,40,0,0
7,2020-04-08T09:25:00Z,6,0,104,74,0,0
7,2020-04-08T09:30:00Z,6,10,46,36,0,8
7,2020-04-08T09:35:00Z,6,0,37,30,0,0
7,2020-04-08T09:40:00Z,6,0,17,14,0,0
7,2020-04-08T09:45:00Z,6,0,45,38,0,0
7,2020-04-08T09:50:00Z,6,0,33,22,0,0
7,2020-04-08T09:55:00Z,5,0,7,6,0,0
7,2020-04-08T10:00:00Z,5,0,32,24,0,0
7,2020-04-08T10:05:00Z,6,0,39,31,0,0
7,2020-04-08T10:10:00Z,5,0,23,18,0,0
7,2020-04-08T10:15:00Z,5,0,32,22,0,0
7,2020-04-08T10:20:00Z,6,0,17,11,0,0
7,2020-04-08T10:25:00Z,5,0,7,6,0,0
7,2020-04-08T10:30:00Z,6,0,40,31,0,0
7,2020-04-08T10:35:00Z,5,0,16,10,0,0
7,2020-04-08T10:40:00Z,4,0,8,5,0,0
7,2020-04-08T10:45:00Z,5,0,24,18,0,0
7,2020-04-08T10:50:00Z,4,0,8,5,0,0
7,2020-04-08T10:55:00Z,6,0,23,19,0,0
7,2020-04-08T11:05:00Z,5,0,15,14,0,0
7,2020-04-08T11:10:00Z,6,0,41,27,0,2
7,2020-04-08T11:15:00Z,5,0,24,18,0,0
7,2020-04-08T11:20:00Z,6,0,15,13,0,0
7,2020-04-08T11:25:00Z,5,0,7,5,0,0
7,2020-04-08T11:30:00Z,5,0,24,19,0,0
7,2020-04-08T11:35:00Z,6,0,25,19,0,0
7,2020-04-08T11:40:00Z,6,0,16,14,0,0
7,2020-04-08T11:50:00Z,6,0,26,17,0,0
7,2020-04-08T12:20:00Z,4,0,8,6,0,0
7,2020-04-08T12:25:00Z,1,0,8,8,0,0
7,2020-04-08T12:30:00Z,5,0,9,6,0,0
7,2020-04-08T12:35:00Z,5,0,8,6,0,0
7,2020-04-08T12:50:00Z,5,0,8,6,0,0
7,2020-04-08T13:00:00Z,5,0,7,7,0,0
7,2020-04-08T13:15:00Z,-0,0,8,7,6,0
7,2020-04-08T15:15:00Z,5,0,8,7,0,0
7,2020-04-08T15:35:00Z,3,0,8,6,0,0
7,2020-04-08T16:25:00Z,6,0,8,6,0,0
7,2020-04-08T16:50:00Z,4,0,9,5,0,0
7,2020-04-08T17:45:00Z,0,0,10,10,0,0
8,2020-04-08T00:00:00Z,0,1,5,10,0,10
8,2020-04-08T00:15:00Z,0,5,8,8,0,4
8,2020-04-08T00:20:00Z,0,8,0,7,0,1
8,2020-04-08T00:25:00Z,0,7,3,5,0,2
8,2020-04-08T00:30:00Z,0,5,4,6,0,3
8,2020-04-08T00:40:00Z,0,0,1,10,0,2
8,2020-04-08T00:45:00Z,0,8,6,5,0,3
8,2020-04-08T00:55:00Z,0,10,10,18,0,9
8,2020-04-08T01:00:00Z,0,8,11,17,0,5
8,2020-04-08T01:05:00Z,0,0,11,10,0,14
8,2020-04-08T01:10:00Z,0,19,7,20,0,10
8,2020-04-08T01:15:00Z,0,7,3,3,0,6
8,2020-04-08T01:20:00Z,0,10,3,7,0,1
8,2020-04-08T01:25:00Z,0,6,4,1,0,9
8,2020-04-08T01:30:00Z,0,12,7,12,0,4
8,2020-04-08T01:35:00Z,0,7,3,5,0,2
8,2020-04-08T01:45:00Z,0,7,6,8,0,2
8,2020-04-08T01:55:00Z,0,1,10,10,0,0
8,2020-04-08T02:05:00Z,0,5,2,6,0,2
8,2020-04-08T02:15:00Z,0,3,1,8,0,4
8,2020-04-08T02:30:00Z,0,4,4,7,0,8
8,2020-04-08T02:35:00Z,1,4,2,4,0,1
8,2020-04-08T02:40:00Z,0,3,6,6,0,2
8,2020-04-08T02:50:00Z,0,5,10,5,0,10
8,2020-04-08T03:10:00Z,0,0,5,10,0,10
8,2020-04-08T03:40:00Z,0,14,8,13,0,11
8,2020-04-08T03:45:00Z,0,14,7,9,0,17
8,2020-04-08T03:50:00Z,0,13,13,12,0,12
8,2020-04-08T03:55:00Z,0,3,7,3,0,6
8,2020-04-08T04:10:00Z,0,7,10,10,0,5
8,2020-04-08T04:15:00Z,1,7,5,18,0,7
8,2020-04-08T04:20:00Z,0,6,10,5,0,9
8,2020-04-08T04:50:00Z,0,18,15,20,0,26
8,2020-04-08T05:05:00Z,0,0,1,1,0,7
8,2020-04-08T05:10:00Z,0,1,9,9,3,10
8,2020-04-08T05:15:00Z,1,6,9,7,0,6
8,2020-04-08T05:20:00Z,0,10,0,7,0,1
8,2020-04-08T05:30:00Z,0,12,2,20,0,11
8,2020-04-08T05:50:00Z,0,14,8,15,0,3
8,2020-04-08T05:55:00Z,0,0,5,2,0,10
8,2020-04-08T06:00:00Z,0,0,12,12,0,2
8,2020-04-08T06:15:00Z,0,3,4,8,0,8
8,2020-04-08T06:20:00Z,0,19,13,11,0,10
8,2020-04-08T06:25:00Z,0,10,3,4,0,4
8,2020-04-08T06:35:00Z,0,14,6,16,0,20
8,2020-04-08T06:50:00Z,1,6,13,14,0,12
8,2020-04-08T07:10:00Z,0,7,9,2,0,0
8,2020-04-08T07:20:00Z,0,20,14,5,0,15
8,2020-04-08T07:40:00Z,1,7,10,4,0,0
8,2020-04-08T07:55:00Z,0,20,10,11,0,5
8,2020-04-08T08:00:00Z,1,3,5,0,0,8
8,2020-04-08T08:15:00Z,0,5,14,5,0,8
8,2020-04-08T08:20:00Z,1,10,10,8,0,10
8,2020-04-08T08:25:00Z,0,5,12,11,0,11
8,2020-04-08T08:35:00Z,4,71,72,68,0,55
8,2020-04-08T08:40:00Z,4,452,443,451,11,320
8,2020-04-08T08:45:00Z,4,734,734,737,10,506
8,2020-04-08T08:50:00Z,4,837,836,843,0,612
8,2020-04-08T08:55:00Z,4,956,951,959,26,689
8,2020-04-08T09:00:00Z,4,967,973,968,16,675
8,2020-04-08T09:05:00Z,4,1174,1197,1187,23,849
8,2020-04-08T09:10:00Z,4,1063,1064,1054,18,771
8,2020-04-08T09:15:00Z,4,1146,1134,1135,6,835
8,2020-04-08T09:20:00Z,4,1318,1312,1322,16,952
8,2020-04-08T09:25:00Z,4,1024,1007,996,7,721
8,2020-04-08T09:30:00Z,4,1253,1234,1280,13,906
8,2020-04-08T09:35:00Z,4,1156,1144,1136,6,800
8,2020-04-08T09:40:00Z,4,1065,1069,1064,5,751
8,2020-04-08T09:45:00Z,5,1179,1167,1172,16,841
8,2020-04-08T09:50:00Z,4,1130,1122,1136,18,810
8,2020-04-08T09:55:00Z,4,1044,1049,1047,15,737
8,2020-04-08T10:00:00Z,4,953,945,943,29,678
8,2020-04-08T10:05:00Z,4,1318,1327,1340,17,955
8,2020-04-08T10:10:00Z,4,1487,1517,1493,19,1085
8,2020-04-08T10:15:00Z,4,1763,1754,1759,0,1298
8,2020-04-08T10:20:00Z,4,1850,1833,1835,13,1329
8,2020-04-08T10:25:00Z,4,1979,1977,1987,44,1442
8,2020-04-08T10:30:00Z,4,1858,1870,1859,20,1361
8,2020-04-08T10:35:00Z,4,1787,1781,1776,29,1281
8,2020-04-08T10:40:00Z,4,1587,1591,1561,0,1186
8,2020-04-08T10:45:00Z,3,1489,1509,1483,17,1081
8,2020-04-08T10:50:00Z,4,1458,1487,1458,7,1083
8,2020-04-08T10:55:00Z,4,1340,1368,1323,2,987
8,2020-04-08T11:00:00Z,4,1386,1363,1365,29,993
8,2020-04-08T11:05:00Z,4,1284,1298,1277,18,923
8,2020-04-08T11:10:00Z,4,1176,1187,1205,13,879
8,2020-04-08T11:15:00Z,4,1263,1272,1264,16,931
8,2020-04-08T11:20:00Z,4,1215,1198,1214,19,894
8,2020-04-08T11:25:00Z,4,1056,1043,1051,13,773
8,2020-04-08T11:30:00Z,3,985,984,992,0,730
8,2020-04-08T11:35:00Z,4,1019,1023,1006,5,748
8,2020-04-08T11:40:00Z,3,899,909,902,12,654
8,2020-04-08T11:45:00Z,4,872,862,853,15,627
8,2020-04-08T11:50:00Z,4,781,792,787,0,575
8,2020-04-08T11:55:00Z,4,770,762,764,14,579
8,2020-04-08T12:00:00Z,4,1084,1096,1109,10,828
8,2020-04-08T12:05:00Z,4,2298,2286,2265,53,1730
8,2020-04-08T12:10:00Z,5,2170,2188,2176,22,1653
9,2020-04-08T00:05:00Z,0,9,1,1,6,7
9,2020-04-08T00:10:00Z,0,10,2,0,7,0
9,2020-04-08T00:25:00Z,0,10,11,14,16,11
9,2020-04-08T00:35:00Z,0,6,13,13,10,15
9,2020-04-08T00:40:00Z,1,8,0,3,6,4
9,2020-04-08T00:45:00Z,0,6,5,5,2,3
9,2020-04-08T00:50:00Z,1,5,6,8,7,2
9,2020-04-08T00:55:00Z,0,4,7,8,4,1
9,2020-04-08T01:00:00Z,0,1,10,10,10,6
9,2020-04-08T01:05:00Z,0,9,1,0,5,8
9,2020-04-08T01:10:00Z,0,0,3,7,7,5
9,2020-04-08T01:25:00Z,0,10,3,7,7,2
9,2020-04-08T01:30:00Z,0,8,10,3,5,0
9,2020-04-08T01:55:00Z,1,10,6,7,10,8
9,2020-04-08T02:10:00Z,0,10,10,9,5,4
9,2020-04-08T02:15:00Z,0,8,10,3,3,3
9,2020-04-08T02:20:00Z,0,6,1,3,0,3
9,2020-04-08T02:30:00Z,0,2,7,7,7,10
9,2020-04-08T02:40:00Z,0,18,11,6,19,15
9,2020-04-08T02:50:00Z,0,5,6,2,10,8
9,2020-04-08T03:00:00Z,0,7,8,5,10,3
9,2020-04-08T03:05:00Z,0,10,3,8,4,2
9,2020-04-08T03:10:00Z,0,3,7,6,15,12
9,2020-04-08T03:35:00Z,0,6,0,8,9,8
9,2020-04-08T03:40:00Z,1,2,6,2,9,4
9,2020-04-08T03:45:00Z,0,10,2,6,8,7
9,2020-04-08T04:00:00Z,1,24,19,18,35,30
9,2020-04-08T04:05:00Z,0,12,7,14,6,12
9,2020-04-08T04:15:00Z,0,10,5,13,7,0
9,2020-04-08T04:20:00Z,0,10,15,21,14,8
9,2020-04-08T05:05:00Z,0,0,6,8,10,1
9,2020-04-08T05:20:00Z,1,2,3,0,8,10
9,2020-04-08T05:25:00Z,0,5,5,2,9,6
9,2020-04-08T05:30:00Z,0,2,9,10,1,3
9,2020-04-08T05:35:00Z,0,5,2,4,1,0
9,2020-04-08T05:40:00Z,0,9,7,10,10,0
9,2020-04-08T05:45:00Z,0,6,7,8,0,8
9,2020-04-08T05:55:00Z,0,1,1,6,7,5
9,2020-04-08T06:15:00Z,0,6,7,6,3,0
9,2020-04-08T06:30:00Z,0,10,2,10,5,8
9,2020-04-08T06:40:00Z,0,1,4,1,1,5
9,2020-04-08T06:50:00Z,0,0,2,7,10,10
9,2020-04-08T06:55:00Z,0,9,7,10,10,6
9,2020-04-08T07:00:00Z,0,26,19,24,22,33
9,2020-04-08T07:15:00Z,0,18,6,5,10,10
9,2020-04-08T07:20:00Z,0,12,14,15,10,14
9,2020-04-08T07:25:00Z,0,4,8,1,4,1
9,2020-04-08T07:30:00Z,1,9,0,6,5,7
9,2020-04-08T07:35:00Z,0,8,6,10,7,6
9,2020-04-08T07:45:00Z,0,10,1,9,4,7
9,2020-04-08T07:55:00Z,0,20,21,26,15,5
9,2020-04-08T08:00:00Z,0,4,2,8,10,10
9,2020-04-08T08:05:00Z,0,20,5,9,3,7
9,2020-04-08T08:10:00Z,0,14,17,10,14,9
9,2020-04-08T08:35:00Z,3,414,399,397,305,353
9,2020-04-08T08:40:00Z,3,1090,1089,1098,778,934
9,2020-04-08T08:45:00Z,3,954,953,947,695,806
9,2020-04-08T08:50:00Z,3,886,875,882,633,753
9,2020-04-08T08:55:00Z,3,822,815,804,603,688
9,2020-04-08T09:00:00Z,2,752,765,761,547,650
9,2020-04-08T09:05:00Z,3,778,795,792,569,673
9,2020-04-08T09:10:00Z,3,845,835,836,630,724
9,2020-04-08T09:15:00Z,3,731,723,724,532,630
9,2020-04-08T09:20:00Z,3,604,608,593,435,517
9,2020-04-08T09:25:00Z,3,688,682,684,490,577
9,2020-04-08T09:30:00Z,2,461,464,461,325,394
9,2020-04-08T09:35:00Z,2,634,633,622,448,543
9,2020-04-08T09:40:00Z,2,604,605,595,432,521
9,2020-04-08T09:45:00Z,2,544,565,558,406,483
9,2020-04-08T09:50:00Z,3,596,592,595,439,508
9,2020-04-08T09:55:00Z,2,542,538,535,393,479
9,2020-04-08T10:00:00Z,3,505,504,504,367,446
9,2020-04-08T10:05:00Z,3,502,496,500,365,428
9,2020-04-08T10:10:00Z,3,416,417,423,295,348
9,2020-04-08T10:15:00Z,3,495,498,495,355,445
9,2020-04-08T10:20:00Z,3,458,448,459,338,399
9,2020-04-08T10:25:00Z,3,448,438,448,314,386
9,2020-04-08T10:30:00Z,3,536,560,544,409,468
9,2020-04-08T10:35:00Z,2,418,407,408,294,350
9,2020-04-08T10:40:00Z,2,439,442,431,323,371
9,2020-04-08T10:45:00Z,3,498,514,507,350,441
9,2020-04-08T10:50:00Z,2,471,457,480,330,402
9,2020-04-08T10:55:00Z,2,427,420,417,310,354
9,2020-04-08T11:00:00Z,3,430,426,436,311,378
9,2020-04-08T11:05:00Z,2,354,347,351,257,300
9,2020-04-08T11:10:00Z,2,393,398,402,287,334
9,2020-04-08T11:15:00Z,3,392,397,399,287,351
9,2020-04-08T11:20:00Z,3,301,308,310,226,264
9,2020-04-08T11:25:00Z,2,296,293,298,227,267
9,2020-04-08T11:30:00Z,2,254,255,249,187,225
9,2020-04-08T11:35:00Z,2,287,293,286,204,260
9,2020-04-08T11:40:00Z,2,283,282,285,201,244
9,2020-04-08T11:45:00Z,2,299,308,304,231,257
9,2020-04-08T11:50:00Z,2,217,210,215,151,187
9,2020-04-08T11:55:00Z,2,237,236,240,170,199
9,2020-04-08T12:00:00Z,4,927,928,920,724,805
9,2020-04-08T23:45:00Z,5,16097,16068,16080,12498,14241
9,2020-04-08T23:55:00Z,0,3,1,0,8,9
10,2020-04-08T00:05:00Z,0,7,5,7,0,9
10,2020-04-08T00:25:00Z,0,5,3,8,0,8
10,2020-04-08T00:35:00Z,0,2,4,0,0,7
10,2020-04-08T01:25:00Z,0,6,7,10,0,0
10,2020-04-08T01:55:00Z,0,4,10,9,0,7
10,2020-04-08T02:00:00Z,0,7,10,10,0,10
10,2020-04-08T02:05:00Z,0,0,0,1,0,4
10,2020-04-08T02:10:00Z,0,10,5,1,0,4
10,2020-04-08T02:15:00Z,0,2,10,1,0,2
10,2020-04-08T02:40:00Z,0,4,0,8,0,4
10,2020-04-08T02:50:00Z,0,10,5,5,0,10
10,2020-04-08T03:15:00Z,0,2,6,10,0,10
10,2020-04-08T03:35:00Z,0,19,16,3,0,7
10,2020-04-08T03:40:00Z,0,0,7,2,0,10
10,2020-04-08T03:55:00Z,1,2,10,10,0,1
10,2020-04-08T04:25:00Z,0,0,7,5,0,5
10,2020-04-08T04:40:00Z,0,7,0,7,0,3
10,2020-04-08T04:55:00Z,0,1,8,10,0,5
10,2020-04-08T05:05:00Z,0,3,7,7,0,6
10,2020-04-08T05:30:00Z,0,4,1,8,0,7
10,2020-04-08T05:35:00Z,0,7,10,3,0,7
10,2020-04-08T05:45:00Z,0,9,7,4,0,2
10,2020-04-08T06:35:00Z,0,9,7,9,0,11
10,2020-04-08T06:55:00Z,0,5,3,5,0,6
10,2020-04-08T07:50:00Z,0,5,0,10,0,1
10,2020-04-08T08:35:00Z,4,291,432,290,0,337
11,2020-04-08T00:35:00Z,0,5,2,2,10,4
11,2020-04-08T01:30:00Z,0,7,7,1,6,5
11,2020-04-08T01:35:00Z,0,8,8,2,4,3
11,2020-04-08T01:40:00Z,1,10,10,3,9,0
11,2020-04-08T01:45:00Z,0,10,10,9,6,10
11,2020-04-08T01:50:00Z,0,5,8,2,3,10
11,2020-04-08T02:25:00Z,0,1,6,5,3,10
11,2020-04-08T03:40:00Z,0,6,9,8,1,9
11,2020-04-08T04:25:00Z,0,10,1,0,5,4
11,2020-04-08T05:00:00Z,0,9,10,10,1,1
11,2020-04-08T05:50:00Z,0,7,6,10,7,3
11,2020-04-08T05:55:00Z,0,12,20,18,8,10
11,2020-04-08T06:05:00Z,0,6,5,1,4,10
11,2020-04-08T07:10:00Z,0,0,3,3,5,8
11,2020-04-08T07:20:00Z,1,1,1,10,7,7
11,2020-04-08T07:50:00Z,0,9,0,10,10,10
11,2020-04-08T08:15:00Z,0,12,9,14,7,9
11,2020-04-08T08:25:00Z,0,10,1,7,7,0
11,2020-04-08T08:35:00Z,4,293,455,255,198,246
11,2020-04-08T08:40:00Z,6,719,1076,601,475,608
11,2020-04-08T08:45:00Z,5,684,1042,563,467,574
11,2020-04-08T08:50:00Z,5,673,982,532,425,533
11,2020-04-08T08:55:00Z,5,693,1044,567,466,594
11,2020-04-08T09:00:00Z,5,638,938,539,432,519
11,2020-04-08T09:05:00Z,5,584,848,468,384,473
11,2020-04-08T09:10:00Z,4,554,819,463,366,459
11,2020-04-08T09:15:00Z,5,656,955,551,432,540
11,2020-04-08T09:20:00Z,5,444,668,370,291,377
11,2020-04-08T09:25:00Z,5,513,772,431,338,418
11,2020-04-08T11:30:00Z,5,3167,4725,2666,2079,2642
11,2020-04-08T11:35:00Z,5,164,235,136,115,131
11,2020-04-08T11:40:00Z,5,145,203,130,97,128
11,2020-04-08T11:45:00Z,4,91,135,73,64,80
11,2020-04-08T11:50:00Z,4,84,124,70,60,63
11,2020-04-08T11:55:00Z,4,110,177,103,70,98
11,2020-04-08T12:00:00Z,3,79,125,72,55,74
11,2020-04-08T12:05:00Z,4,67,100,53,46,55
11,2020-04-08T12:10:00Z,5,70,106,65,52,56
11,2020-04-08T12:15:00Z,3,67,100,49,46,56
11,2020-04-08T12:20:00Z,4,103,150,81,71,89
11,2020-04-08T12:25:00Z,4,55,83,48,39,44
11,2020-04-08T12:30:00Z,4,60,84,52,39,54
11,2020-04-08T12:35:00Z,4,36,52,35,26,31
11,2020-04-08T12:40:00Z,4,68,104,60,41,56
11,2020-04-08T12:45:00Z,4,59,90,47,40,52
11,2020-04-08T12:50:00Z,4,42,62,35,29,37
11,2020-04-08T12:55:00Z,4,41,53,27,21,27
11,2020-04-08T13:00:00Z,4,36,59,37,36,32
11,2020-04-08T13:05:00Z,4,43,64,35,29,36
11,2020-04-08T13:10:00Z,4,54,82,40,37,44
11,2020-04-08T13:15:00Z,2,13,20,10,9,10
11,2020-04-08T13:20:00Z,4,23,37,21,16,19
11,2020-04-08T13:25:00Z,3,54,82,43,36,46
11,2020-04-08T13:30:00Z,4,32,41,22,19,29
11,2020-04-08T13:35:00Z,3,52,81,43,35,44
11,2020-04-08T13:40:00Z,4,28,36,20,17,21
11,2020-04-08T13:45:00Z,4,11,19,10,7,9
11,2020-04-08T13:50:00Z,3,19,27,16,12,15
11,2020-04-08T14:00:00Z,4,49,82,46,38,44
11,2020-04-08T14:05:00Z,4,35,55,29,23,31
11,2020-04-08T14:10:00Z,4,12,19,10,9,10
11,2020-04-08T14:15:00Z,3,11,18,10,8,8
11,2020-04-08T14:20:00Z,4,12,11,14,4,12
11,2020-04-08T14:25:00Z,4,25,37,19,17,16
11,2020-04-08T14:30:00Z,3,18,28,15,12,14
11,2020-04-08T14:35:00Z,3,23,26,17,15,19
11,2020-04-08T14:40:00Z,2,12,17,9,10,11
11,2020-04-08T14:45:00Z,4,5,9,5,5,5
11,2020-04-08T14:50:00Z,4,9,20,9,8,9
11,2020-04-08T14:55:00Z,2,13,18,10,6,11
11,2020-04-08T15:00:00Z,3,11,19,11,8,10
11,2020-04-08T15:15:00Z,-0,7,10,5,3,5
11,2020-04-08T15:20:00Z,3,11,18,9,8,10
11,2020-04-08T15:30:00Z,3,7,9,6,4,4
11,2020-04-08T15:35:00Z,1,6,10,6,3,6
11,2020-04-08T15:45:00Z,3,14,17,5,8,11
11,2020-04-08T16:00:00Z,4,5,9,5,5,6
11,2020-04-08T16:05:00Z,0,16,9,14,18,10
11,2020-04-08T16:10:00Z,0,6,2,1,10,8
11,2020-04-08T16:15:00Z,0,6,9,5,4,6
11,2020-04-08T16:25:00Z,3,5,10,6,4,6
11,2020-04-08T16:30:00Z,3,5,10,5,4,5
11,2020-04-08T16:40:00Z,3,14,17,10,7,11
11,2020-04-08T16:45:00Z,3,6,9,4,4,5
11,2020-04-08T16:50:00Z,2,6,10,5,5,5
11,2020-04-08T17:00:00Z,4,12,16,10,8,10
11,2020-04-08T17:50:00Z,0,9,2,10,4,7
11,2020-04-08T18:05:00Z,0,4,13,6,12,8
11,2020-04-08T18:10:00Z,4,6,8,6,5,5
11,2020-04-08T18:15:00Z,3,6,8,5,5,4
11,2020-04-08T18:20:00Z,3,6,9,3,4,5
11,2020-04-08T18:35:00Z,0,6,1,4,5,6
11,2020-04-08T19:20:00Z,1,6,8,4,5,5
11,2020-04-08T19:25:00Z,1,6,10,10,0,8
11,2020-04-08T19:30:00Z,0,2,5,10,2,10
11,2020-04-08T19:50:00Z,0,15,11,13,1,13
11,2020-04-08T20:50:00Z,0,6,1,8,8,10
11,2020-04-08T20:55:00Z,0,9,8,3,5,4
11,2020-04-08T21:05:00Z,0,2,6,10,10,10
11,2020-04-08T21:25:00Z,0,10,6,9,1,3
11,2020-04-08T21:50:00Z,0,8,4,7,10,5
11,2020-04-08T22:15:00Z,0,10,2,0,8,3
11,2020-04-08T22:20:00Z,0,4,10,9,3,1
11,2020-04-08T23:00:00Z,0,17,11,9,13,13
11,2020-04-08T23:45:00Z,1,1,8,1,7,0
12,2020-04-08T00:50:00Z,1,14,14,13,0,9
12,2020-04-08T00:55:00Z,0,3,9,10,0,4
12,2020-04-08T01:10:00Z,0,3,3,7,0,5
12,2020-04-08T01:20:00Z,0,0,10,4,0,8
12,2020-04-08T01:45:00Z,0,4,3,0,0,10
12,2020-04-08T01:55:00Z,1,9,9,10,0,10
12,2020-04-08T02:30:00Z,0,1,9,2,0,6
12,2020-04-08T02:40:00Z,0,7,18,11,0,7
12,2020-04-08T02:55:00Z,0,6,4,1,0,4
12,2020-04-08T03:20:00Z,0,20,1,8,0,13
12,2020-04-08T04:10:00Z,0,1,2,1,0,3
12,2020-04-08T04:30:00Z,0,5,10,2,0,3
12,2020-04-08T04:40:00Z,0,8,7,10,0,1
12,2020-04-08T04:45:00Z,0,5,6,10,0,1
12,2020-04-08T05:10:00Z,0,4,8,5,0,8
12,2020-04-08T05:20:00Z,1,10,6,7,0,7
12,2020-04-08T06:25:00Z,0,9,1,10,0,7
12,2020-04-08T06:35:00Z,0,8,7,10,0,0
12,2020-04-08T07:25:00Z,0,5,7,9,0,2
12,2020-04-08T07:40:00Z,0,6,5,0,0,0
12,2020-04-08T07:55:00Z,0,2,6,1,0,1
12,2020-04-08T08:25:00Z,0,10,3,0,0,6
12,2020-04-08T08:35:00Z,6,20,36,26,0,25
12,2020-04-08T08:40:00Z,7,100,199,130,0,105
12,2020-04-08T08:45:00Z,6,101,195,123,0,91
12,2020-04-08T08:50:00Z,6,114,211,145,0,108
12,2020-04-08T08:55:00Z,6,99,190,130,0,100
12,2020-04-08T09:00:00Z,6,129,252,172,0,125
12,2020-04-08T09:05:00Z,7,135,268,182,0,125
12,2020-04-08T09:10:00Z,7,120,235,159,0,116
12,2020-04-08T09:15:00Z,6,120,257,175,2,116
12,2020-04-08T09:20:00Z,7,161,302,208,4,153
12,2020-04-08T09:25:00Z,6,139,273,191,16,140
12,2020-04-08T09:30:00Z,7,168,340,220,15,158
12,2020-04-08T09:35:00Z,6,96,191,124,4,92
12,2020-04-08T09:40:00Z,6,150,294,184,0,151
12,2020-04-08T09:45:00Z,7,89,187,129,0,94
12,2020-04-08T09:50:00Z,7,95,193,127,21,100
12,2020-04-08T09:55:00Z,6,107,226,149,0,104
12,2020-04-08T10:00:00Z,6,111,225,147,0,114
12,2020-04-08T10:05:00Z,6,148,290,193,4,158
12,2020-04-08T10:10:00Z,7,163,305,202,0,148
12,2020-04-08T10:15:00Z,7,135,264,168,17,127
12,2020-04-08T10:20:00Z,6,160,299,209,1,153
12,2020-04-08T10:25:00Z,8,130,260,174,8,125
12,2020-04-08T10:30:00Z,6,119,243,165,0,128
12,2020-04-08T10:35:00Z,6,130,249,166,0,120
12,2020-04-08T10:40:00Z,7,155,306,212,0,147
12,2020-04-08T10:45:00Z,6,104,191,142,0,109
12,2020-04-08T10:50:00Z,6,98,179,120,10,94
12,2020-04-08T10:55:00Z,7,117,231,154,0,111
12,2020-04-08T11:00:00Z,6,94,188,130,0,91
12,2020-04-08T11:05:00Z,7,102,202,133,0,98
12,2020-04-08T11:10:00Z,7,94,180,124,0,95
12,2020-04-08T11:15:00Z,6,135,255,174,0,131
12,2020-04-08T11:20:00Z,6,144,271,185,8,136
12,2020-04-08T11:25:00Z,6,84,173,119,0,86
12,2020-04-08T11:30:00Z,7,85,171,114,0,80
12,2020-04-08T11:35:00Z,6,103,218,141,0,103
12,2020-04-08T11:40:00Z,6,110,206,150,0,106
12,2020-04-08T11:45:00Z,7,99,209,140,6,104
12,2020-04-08T11:50:00Z,6,67,117,83,0,64
12,2020-04-08T11:55:00Z,6,61,114,78,0,63
12,2020-04-08T12:00:00Z,7,71,136,97,5,76
12,2020-04-08T12:05:00Z,6,68,139,94,0,67
12,2020-04-08T12:10:00Z,6,73,155,103,0,77
12,2020-04-08T12:15:00Z,6,63,126,84,0,68
12,2020-04-08T12:20:00Z,7,67,134,88,0,72
12,2020-04-08T12:25:00Z,6,82,175,110,0,84
12,2020-04-08T12:30:00Z,6,67,139,91,15,67
12,2020-04-08T12:35:00Z,6,71,141,94,2,68
12,2020-04-08T12:40:00Z,6,59,130,84,17,56
12,2020-04-08T12:45:00Z,6,72,134,89,0,70
12,2020-04-08T12:50:00Z,6,52,105,66,0,53
12,2020-04-08T12:55:00Z,6,63,122,79,1,55
12,2020-04-08T13:00:00Z,6,53,100,72,2,57
12,2020-04-08T13:05:00Z,6,64,119,79,0,65
12,2020-04-08T13:10:00Z,5,56,101,64,7,51
12,2020-04-08T13:15:00Z,6,55,108,71,0,57
12,2020-04-08T13:20:00Z,7,42,72,48,0,45
12,2020-04-08T13:25:00Z,6,29,55,35,0,27
12,2020-04-08T13:30:00Z,6,66,120,82,0,61
12,2020-04-08T13:35:00Z,6,44,84,57,5,48
12,2020-04-08T13:40:00Z,6,56,117,80,0,60
12,2020-04-08T13:45:00Z,6,25,51,33,0,25
12,2020-04-08T13:50:00Z,6,32,59,35,0,31
12,2020-04-08T13:55:00Z,4,6,14,7,0,5
12,2020-04-08T14:00:00Z,6,28,53,36,0,25
12,2020-04-08T14:05:00Z,6,19,34,23,0,19
12,2020-04-08T14:10:00Z,6,28,62,42,6,30
12,2020-04-08T14:15:00Z,6,26,47,31,0,25
12,2020-04-08T14:20:00Z,6,30,66,48,0,36
12,2020-04-08T14:25:00Z,6,20,43,26,0,25
12,2020-04-08T14:30:00Z,6,38,79,57,0,46
12,2020-04-08T14:35:00Z,6,16,38,23,0,20
12,2020-04-08T14:40:00Z,6,30,53,40,0,22
12,2020-04-08T14:45:00Z,6,41,46,49,0,36
12,2020-04-08T14:50:00Z,7,21,47,37,0,24
12,2020-04-08T14:55:00Z,7,32,60,38,0,28
12,2020-04-08T15:00:00Z,6,15,28,22,5,14
12,2020-04-08T15:05:00Z,6,31,66,45,0,31
12,2020-04-08T15:10:00Z,6,33,54,36,0,25
12,2020-04-08T15:15:00Z,6,14,21,16,0,10
12,2020-04-08T15:20:00Z,6,25,48,34,0,24
12,2020-04-08T15:25:00Z,6,19,36,25,0,16
12,2020-04-08T15:30:00Z,6,8,25,15,0,11
12,2020-04-08T15:35:00Z,5,16,27,18,0,13
12,2020-04-08T15:40:00Z,6,14,31,19,0,14
12,2020-04-08T15:45:00Z,6,26,49,33,0,23
12,2020-04-08T15:50:00Z,6,18,35,25,8,14
12,2020-04-08T15:55:00Z,6,5,13,7,9,7
12,2020-04-08T16:00:00Z,5,12,25,17,0,12
12,2020-04-08T16:05:00Z,6,29,43,25,0,28
12,2020-04-08T16:10:00Z,6,14,29,18,0,14
12,2020-04-08T16:15:00Z,7,13,23,16,0,12
12,2020-04-08T16:20:00Z,5,8,18,11,0,9
12,2020-04-08T16:25:00Z,6,7,12,7,0,7
12,2020-04-08T16:30:00Z,4,10,20,12,0,9
12,2020-04-08T16:35:00Z,5,16,31,18,0,14
12,2020-04-08T16:40:00Z,6,6,11,7,0,7
12,2020-04-08T16:45:00Z,6,9,13,10,0,7
12,2020-04-08T16:50:00Z,6,8,12,10,0,6
12,2020-04-08T16:55:00Z,6,17,29,19,0,17
12,2020-04-08T17:00:00Z,6,6,10,8,0,4
12,2020-04-08T17:05:00Z,6,10,17,10,0,9
12,2020-04-08T17:10:00Z,6,12,18,15,0,13
12,2020-04-08T17:15:00Z,5,4,5,4,0,3
12,2020-04-08T17:20:00Z,5,8,17,12,0,9
12,2020-04-08T17:25:00Z,5,6,13,8,0,6
12,2020-04-08T17:30:00Z,6,7,18,12,0,8
12,2020-04-08T17:35:00Z,6,6,13,9,0,5
12,2020-04-08T17:40:00Z,6,20,34,30,0,26
12,2020-04-08T17:45:00Z,6,9,17,11,0,18
12,2020-04-08T17:55:00Z,6,6,11,8,0,6
12,2020-04-08T18:00:00Z,5,7,12,10,0,7
12,2020-04-08T18:05:00Z,0,3,10,9,0,8
12,2020-04-08T18:10:00Z,6,16,18,8,0,15
12,2020-04-08T18:25:00Z,4,12,29,16,0,17
12,2020-04-08T18:40:00Z,5,3,6,5,0,1
12,2020-04-08T18:45:00Z,5,6,14,8,0,6
12,2020-04-08T18:50:00Z,6,8,20,17,0,8
12,2020-04-08T18:55:00Z,6,8,17,12,0,9
12,2020-04-08T19:05:00Z,5,5,15,3,0,10
12,2020-04-08T19:10:00Z,5,3,7,5,0,4
12,2020-04-08T19:35:00Z,0,15,17,11,0,19
12,2020-04-08T19:40:00Z,5,3,6,4,0,3
12,2020-04-08T19:55:00Z,0,7,6,6,0,4
12,2020-04-08T20:00:00Z,6,11,30,17,0,16
12,2020-04-08T20:05:00Z,5,3,5,5,0,0
12,2020-04-08T20:40:00Z,0,7,6,6,0,5
12,2020-04-08T20:45:00Z,6,6,10,14,0,13
12,2020-04-08T20:55:00Z,0,10,7,6,0,1
12,2020-04-08T21:25:00Z,5,4,14,8,0,4
12,2020-04-08T21:35:00Z,7,5,6,4,0,4
12,2020-04-08T21:55:00Z,0,6,10,1,0,7
12,2020-04-08T22:10:00Z,0,9,10,4,0,6
12,2020-04-08T22:20:00Z,6,3,5,4,0,4
12,2020-04-08T22:40:00Z,0,4,4,10,0,6
12,2020-04-08T23:05:00Z,6,2,6,4,0,2
12,2020-04-08T23:30:00Z,0,3,1,9,0,9
12,2020-04-08T23:40:00Z,5,12,9,8,0,8
12,2020-04-08T23:45:00Z,0,10,5,10,0,10
13,2020-04-08T00:00:00Z,0,5,1,10,0,5
13,2020-04-08T00:15:00Z,0,2,10,9,0,9
13,2020-04-08T00:25:00Z,0,4,3,2,0,10
13,2020-04-08T01:25:00Z,0,10,7,10,0,2
13,2020-04-08T01:30:00Z,1,17,19,5,0,10
13,2020-04-08T01:50:00Z,0,0,3,1,0,1
13,2020-04-08T02:00:00Z,0,5,9,9,0,10
13,2020-04-08T02:10:00Z,0,6,1,1,0,7
13,2020-04-08T02:35:00Z,0,8,10,0,0,8
13,2020-04-08T03:05:00Z,0,10,3,4,0,9
13,2020-04-08T03:40:00Z,0,9,5,8,0,9
13,2020-04-08T04:10:00Z,0,5,2,10,0,6
13,2020-04-08T04:40:00Z,0,0,7,9,0,6
13,2020-04-08T05:35:00Z,0,1,4,8,0,1
13,2020-04-08T06:05:00Z,0,8,10,0,0,4
13,2020-04-08T06:10:00Z,0,2,4,3,0,10
13,2020-04-08T07:40:00Z,0,5,0,2,0,6
13,2020-04-08T08:35:00Z,0,10,9,9,0,10
13,2020-04-08T08:40:00Z,4,29,30,31,0,26
13,2020-04-08T08:45:00Z,4,49,55,51,0,54
13,2020-04-08T08:50:00Z,5,48,48,47,0,41
13,2020-04-08T08:55:00Z,4,71,65,70,6,65
13,2020-04-08T09:00:00Z,4,41,38,43,0,39
13,2020-04-08T09:05:00Z,5,66,64,67,0,69
13,2020-04-08T09:10:00Z,4,62,59,60,0,65
13,2020-04-08T09:15:00Z,5,49,43,53,0,55
13,2020-04-08T09:20:00Z,5,60,59,58,0,60
13,2020-04-08T09:25:00Z,6,61,59,59,0,61
13,2020-04-08T09:30:00Z,5,64,65,62,0,66
13,2020-04-08T09:35:00Z,5,51,47,42,4,45
13,2020-04-08T09:40:00Z,5,28,31,26,0,29
13,2020-04-08T09:45:00Z,5,36,36,39,0,35
13,2020-04-08T09:50:00Z,5,49,52,49,0,47
13,2020-04-08T09:55:00Z,5,71,72,72,9,72
13,2020-04-08T10:00:00Z,5,71,66,65,5,62
13,2020-04-08T10:05:00Z,4,31,31,33,0,32
13,2020-04-08T10:10:00Z,5,42,44,45,4,44
13,2020-04-08T10:15:00Z,5,27,26,28,0,27
13,2020-04-08T10:20:00Z,4,23,23,21,0,23
13,2020-04-08T10:25:00Z,5,40,39,37,0,37
13,2020-04-08T10:30:00Z,5,26,25,30,0,31
13,2020-04-08T10:35:00Z,3,45,46,47,0,46
13,2020-04-08T10:40:00Z,4,23,23,24,0,27
13,2020-04-08T10:45:00Z,5,36,35,39,0,34
13,2020-04-08T10:50:00Z,4,31,28,26,0,30
13,2020-04-08T10:55:00Z,4,58,52,46,0,62
13,2020-04-08T11:00:00Z,4,28,25,24,6,26
13,2020-04-08T11:05:00Z,5,32,27,25,0,33
13,2020-04-08T11:10:00Z,3,6,6,7,0,8
13,2020-04-08T11:15:00Z,5,13,12,16,0,16
13,2020-04-08T11:20:00Z,5,29,26,27,0,32
13,2020-04-08T11:25:00Z,6,28,28,33,0,32
13,2020-04-08T11:30:00Z,4,26,28,23,0,27
13,2020-04-08T11:35:00Z,5,16,15,16,0,17
13,2020-04-08T11:40:00Z,4,32,29,30,0,32
13,2020-04-08T11:45:00Z,4,7,7,6,0,4
13,2020-04-08T11:50:00Z,0,15,16,15,0,16
13,2020-04-08T11:55:00Z,0,6,5,4,0,5
13,2020-04-08T12:00:00Z,0,5,4,5,0,5
13,2020-04-08T12:05:00Z,3,15,19,7,0,17
13,2020-04-08T12:10:00Z,4,14,15,14,4,11
13,2020-04-08T12:15:00Z,4,12,10,10,0,12
13,2020-04-08T12:20:00Z,5,4,8,7,0,6
13,2020-04-08T12:25:00Z,4,10,11,14,0,11
13,2020-04-08T12:35:00Z,5,3,4,4,0,5
13,2020-04-08T12:40:00Z,5,14,16,15,0,14
13,2020-04-08T12:45:00Z,3,6,18,10,0,20
13,2020-04-08T12:50:00Z,4,22,22,18,0,21
13,2020-04-08T12:55:00Z,0,4,3,4,0,6
13,2020-04-08T13:05:00Z,4,3,4,4,0,4
13,2020-04-08T13:10:00Z,0,6,5,5,0,6
13,2020-04-08T13:15:00Z,0,11,13,13,0,11
13,2020-04-08T13:20:00Z,0,9,9,10,0,9
13,2020-04-08T13:30:00Z,4,4,3,2,0,4
13,2020-04-08T13:35:00Z,4,8,10,7,0,10
13,2020-04-08T13:40:00Z,0,0,5,3,0,10
13,2020-04-08T13:45:00Z,0,5,5,4,0,6
13,2020-04-08T13:50:00Z,3,6,3,5,0,8
13,2020-04-08T14:00:00Z,3,2,3,2,0,2
13,2020-04-08T14:05:00Z,4,8,9,9,0,9
13,2020-04-08T14:10:00Z,3,5,3,6,0,4
13,2020-04-08T14:15:00Z,4,20,17,16,0,18
13,2020-04-08T14:30:00Z,4,2,3,5,0,4
13,2020-04-08T14:35:00Z,1,2,1,2,0,2
13,2020-04-08T14:45:00Z,0,6,5,5,0,4
13,2020-04-08T14:50:00Z,0,3,0,7,0,7
13,2020-04-08T14:55:00Z,0,6,4,5,0,4
13,2020-04-08T15:00:00Z,0,5,4,4,0,5
13,2020-04-08T15:05:00Z,-0,2,2,1,0,2
13,2020-04-08T15:10:00Z,5,2,2,2,0,3
13,2020-04-08T15:25:00Z,5,1,1,1,0,2
13,2020-04-08T15:30:00Z,0,10,10,10,0,10
13,2020-04-08T15:35:00Z,0,14,11,12,0,7
13,2020-04-08T15:40:00Z,0,5,10,1,0,4
13,2020-04-08T16:10:00Z,4,2,2,2,0,2
13,2020-04-08T16:30:00Z,0,11,10,12,0,11
13,2020-04-08T16:35:00Z,0,3,10,10,0,2
13,2020-04-08T16:40:00Z,5,2,1,2,0,3
13,2020-04-08T17:00:00Z,1,9,8,7,0,8
13,2020-04-08T17:10:00Z,0,2,10,10,0,3
13,2020-04-08T17:55:00Z,0,10,0,0,0,9
13,2020-04-08T18:05:00Z,0,10,6,10,0,4
13,2020-04-08T18:15:00Z,0,6,5,6,0,6
13,2020-04-08T18:30:00Z,0,6,9,1,0,1
13,2020-04-08T18:50:00Z,0,8,5,0,0,6
13,2020-04-08T19:25:00Z,0,7,7,10,0,3
13,2020-04-08T19:55:00Z,0,6,1,0,0,0
13,2020-04-08T20:35:00Z,0,5,6,5,0,4
13,2020-04-08T21:20:00Z,1,10,5,1,0,7
13,2020-04-08T21:35:00Z,0,4,4,3,0,5
13,2020-04-08T23:55:00Z,0,3,10,6,0,5
14,2020-04-08T00:05:00Z,0,1,6,0,0,9
14,2020-04-08T01:05:00Z,0,0,3,4,0,8
14,2020-04-08T01:15:00Z,0,0,5,8,0,7
14,2020-04-08T01:20:00Z,0,19,13,13,0,11
14,2020-04-08T01:55:00Z,0,16,10,1,0,12
14,2020-04-08T02:00:00Z,0,8,0,5,0,9
14,2020-04-08T02:15:00Z,0,13,10,6,0,19
14,2020-04-08T02:25:00Z,0,4,10,7,0,4
14,2020-04-08T02:35:00Z,1,9,10,1,0,8
14,2020-04-08T02:40:00Z,0,10,0,4,0,3
14,2020-04-08T02:50:00Z,0,10,1,2,0,2
14,2020-04-08T03:00:00Z,0,5,6,15,0,15
14,2020-04-08T03:05:00Z,0,0,3,4,0,6
14,2020-04-08T03:20:00Z,1,18,15,12,0,17
14,2020-04-08T03:30:00Z,0,1,1,3,0,3
14,2020-04-08T03:35:00Z,1,18,17,7,0,3
14,2020-04-08T03:50:00Z,0,4,1,10,0,1
14,2020-04-08T04:05:00Z,0,8,5,3,0,5
14,2020-04-08T04:10:00Z,0,8,0,9,0,10
14,2020-04-08T04:45:00Z,0,8,10,10,0,2
14,2020-04-08T04:50:00Z,0,10,6,7,0,6
14,2020-04-08T05:35:00Z,0,20,13,17,0,7
14,2020-04-08T05:45:00Z,0,0,1,8,0,8
14,2020-04-08T05:55:00Z,0,7,10,5,0,7
14,2020-04-08T06:05:00Z,1,3,2,8,0,10
14,2020-04-08T06:15:00Z,0,16,13,12,0,6
14,2020-04-08T06:25:00Z,0,11,17,10,0,13
14,2020-04-08T06:40:00Z,0,6,7,7,0,6
14,2020-04-08T06:45:00Z,0,7,9,2,0,10
14,2020-04-08T06:55:00Z,0,14,10,20,0,15
14,2020-04-08T07:00:00Z,0,7,0,10,0,3
14,2020-04-08T07:40:00Z,0,0,8,7,0,6
14,2020-04-08T08:05:00Z,1,9,3,3,0,0
14,2020-04-08T08:20:00Z,0,3,7,0,0,6
14,2020-04-08T08:30:00Z,0,2,4,5,0,3
14,2020-04-08T08:35:00Z,6,729,827,826,11,608
14,2020-04-08T08:40:00Z,6,1465,1722,1720,16,1219
14,2020-04-08T08:45:00Z,6,1299,1529,1511,29,1068
14,2020-04-08T08:50:00Z,6,1213,1381,1389,0,993
14,2020-04-08T08:55:00Z,5,1142,1323,1318,4,941
14,2020-04-08T09:00:00Z,6,1180,1369,1365,9,986
14,2020-04-08T09:05:00Z,6,1161,1342,1352,17,981
14,2020-04-08T09:10:00Z,6,1151,1307,1324,7,960
14,2020-04-08T09:15:00Z,6,1027,1181,1199,13,861
14,2020-04-08T09:20:00Z,6,881,1034,1029,14,734
14,2020-04-08T09:25:00Z,6,850,997,989,8,725
14,2020-04-08T09:30:00Z,6,754,875,867,1,633
14,2020-04-08T09:35:00Z,6,730,871,873,0,635
14,2020-04-08T09:40:00Z,6,666,777,796,10,568
14,2020-04-08T09:45:00Z,6,649,770,765,8,548
14,2020-04-08T09:50:00Z,6,669,765,765,0,533
14,2020-04-08T09:55:00Z,5,590,676,670,14,476
14,2020-04-08T10:00:00Z,5,535,616,602,0,440
14,2020-04-08T10:05:00Z,5,539,645,643,11,457
14,2020-04-08T10:10:00Z,6,504,603,615,2,430
14,2020-04-08T10:15:00Z,6,420,476,474,0,336
14,2020-04-08T10:20:00Z,5,466,540,538,3,380
14,2020-04-08T10:25:00Z,5,399,469,474,2,327
14,2020-04-08T10:30:00Z,6,507,578,579,0,423
14,2020-04-08T10:35:00Z,5,425,474,478,0,342
14,2020-04-08T10:40:00Z,6,339,425,408,0,292
14,2020-04-08T10:45:00Z,5,300,356,357,2,252
14,2020-04-08T10:50:00Z,5,321,389,387,0,272
14,2020-04-08T10:55:00Z,6,365,432,424,4,311
14,2020-04-08T11:00:00Z,5,245,291,287,0,208
14,2020-04-08T11:05:00Z,6,265,325,322,10,228
14,2020-04-08T11:10:00Z,6,229,262,258,0,189
14,2020-04-08T11:15:00Z,5,257,294,304,0,216
14,2020-04-08T11:20:00Z,6,235,263,267,1,200
14,2020-04-08T11:25:00Z,5,180,200,205,11,142
14,2020-04-08T11:30:00Z,6,217,259,257,0,180
14,2020-04-08T11:35:00Z,6,146,166,167,0,124
14,2020-04-08T11:40:00Z,5,178,211,207,0,141
14,2020-04-08T11:45:00Z,5,146,169,165,0,122
14,2020-04-08T11:50:00Z,5,175,206,215,0,154
14,2020-04-08T11:55:00Z,5,110,129,129,0,92
14,2020-04-08T12:00:00Z,5,92,119,114,1,75
14,2020-04-08T12:05:00Z,5,115,136,144,0,89
14,2020-04-08T12:10:00Z,5,85,101,91,0,72
14,2020-04-08T12:15:00Z,5,100,110,112,0,82
14,2020-04-08T12:20:00Z,5,64,71,70,6,52
14,2020-04-08T12:25:00Z,5,95,112,113,0,82
14,2020-04-08T12:30:00Z,5,117,140,143,0,96
14,2020-04-08T12:35:00Z,5,92,107,111,9,78
14,2020-04-08T12:40:00Z,4,51,53,54,3,39
14,2020-04-08T12:45:00Z,5,94,111,103,4,84
14,2020-04-08T12:50:00Z,5,58,69,70,0,52
14,2020-04-08T12:55:00Z,5,48,55,57,0,40
14,2020-04-08T13:00:00Z,6,33,42,40,0,31
14,2020-04-08T13:05:00Z,5,52,58,55,0,42
14,2020-04-08T13:10:00Z,5,24,30,28,0,20
14,2020-04-08T13:15:00Z,5,38,45,44,0,31
14,2020-04-08T13:20:00Z,5,20,23,20,0,19
14,2020-04-08T13:25:00Z,5,18,20,22,0,14
14,2020-04-08T13:30:00Z,5,44,49,45,7,33
14,2020-04-08T13:35:00Z,5,58,62,65,0,45
14,2020-04-08T13:40:00Z,4,44,50,50,0,35
14,2020-04-08T13:45:00Z,4,43,50,51,0,37
14,2020-04-08T13:50:00Z,1,11,15,14,0,9
14,2020-04-08T13:55:00Z,3,17,21,21,0,12
14,2020-04-08T14:00:00Z,4,25,29,29,0,19
14,2020-04-08T14:05:00Z,4,30,34,37,3,24
14,2020-04-08T14:10:00Z,5,28,32,36,0,23
14,2020-04-08T14:15:00Z,4,21,28,28,0,19
14,2020-04-08T14:20:00Z,5,24,29,26,0,19
14,2020-04-08T14:25:00Z,3,7,8,8,0,4
14,2020-04-08T14:30:00Z,5,6,7,6,0,5
14,2020-04-08T14:35:00Z,0,12,13,14,0,10
14,2020-04-08T14:40:00Z,4,19,23,19,0,15
14,2020-04-08T14:45:00Z,5,11,14,14,0,8
14,2020-04-08T14:50:00Z,5,28,25,25,0,17
14,2020-04-08T14:55:00Z,1,9,10,14,0,9
14,2020-04-08T15:00:00Z,0,6,6,6,0,5
14,2020-04-08T15:05:00Z,4,13,22,24,0,11
14,2020-04-08T15:10:00Z,0,2,1,3,0,0
14,2020-04-08T15:15:00Z,5,11,14,16,0,9
14,2020-04-08T15:20:00Z,4,7,6,8,0,6
14,2020-04-08T15:25:00Z,4,12,14,15,0,8
14,2020-04-08T15:30:00Z,4,12,7,15,0,8
14,2020-04-08T15:35:00Z,0,8,13,13,0,19
14,2020-04-08T15:40:00Z,0,3,0,9,0,5
14,2020-04-08T15:45:00Z,5,18,22,19,0,14
14,2020-04-08T15:55:00Z,4,17,25,24,0,18
14,2020-04-08T16:00:00Z,4,18,22,21,0,14
14,2020-04-08T16:05:00Z,0,10,3,3,0,9
14,2020-04-08T16:15:00Z,4,6,8,7,0,5
14,2020-04-08T16:25:00Z,3,6,7,7,0,5
14,2020-04-08T16:45:00Z,0,13,15,7,0,10
14,2020-04-08T16:50:00Z,0,0,10,10,0,3
14,2020-04-08T16:55:00Z,-0,6,7,7,0,5
14,2020-04-08T17:00:00Z,1,6,8,10,0,11
14,2020-04-08T17:05:00Z,4,7,6,6,0,5
14,2020-04-08T17:10:00Z,4,6,8,6,0,5
14,2020-04-08T17:20:00Z,0,12,10,14,0,11
14,2020-04-08T17:25:00Z,4,6,7,8,0,3
14,2020-04-08T17:30:00Z,4,6,8,6,0,5
14,2020-04-08T17:35:00Z,3,7,8,6,0,5
14,2020-04-08T17:45:00Z,0,5,10,6,0,5
14,2020-04-08T17:50:00Z,5,12,14,15,0,11
14,2020-04-08T17:55:00Z,0,9,2,9,0,10
14,2020-04-08T18:15:00Z,0,8,2,10,0,5
14,2020-04-08T18:30:00Z,2,7,7,7,0,5
14,2020-04-08T18:40:00Z,0,3,10,5,0,10
14,2020-04-08T19:05:00Z,0,8,3,10,0,0
14,2020-04-08T19:20:00Z,1,8,8,0,0,10
14,2020-04-08T19:30:00Z,0,1,1,10,0,4
14,2020-04-08T20:25:00Z,0,9,4,4,0,3
14,2020-04-08T20:30:00Z,0,1,10,10,0,9
14,2020-04-08T20:35:00Z,0,15,18,16,0,11
14,2020-04-08T20:45:00Z,0,15,8,10,0,13
14,2020-04-08T20:50:00Z,0,7,6,4,0,0
14,2020-04-08T21:30:00Z,0,3,10,17,0,12
14,2020-04-08T21:55:00Z,0,0,10,6,0,0
14,2020-04-08T22:35:00Z,0,3,9,3,0,5
14,2020-04-08T22:50:00Z,0,9,9,2,0,8
14,2020-04-08T22:55:00Z,1,10,3,5,0,1
14,2020-04-08T23:15:00Z,0,3,13,16,0,12
15,2020-04-08T00:05:00Z,0,0,8,3,0,4
15,2020-04-08T00:10:00Z,0,3,9,7,0,10
15,2020-04-08T00:15:00Z,0,3,8,3,0,5
15,2020-04-08T00:35:00Z,0,8,1,11,0,3
15,2020-04-08T00:40:00Z,0,6,5,2,0,6
15,2020-04-08T00:45:00Z,1,8,8,8,0,0
15,2020-04-08T00:50:00Z,0,0,1,5,0,8
15,2020-04-08T00:55:00Z,0,3,10,11,0,12
15,2020-04-08T01:00:00Z,0,10,4,1,0,10
15,2020-04-08T01:05:00Z,0,9,14,7,0,13
15,2020-04-08T01:10:00Z,0,3,4,10,0,2
15,2020-04-08T01:15:00Z,0,11,13,12,0,12
15,2020-04-08T01:25:00Z,0,18,20,16,0,17
15,2020-04-08T01:30:00Z,0,9,14,6,0,20
15,2020-04-08T01:45:00Z,1,10,2,5,0,0
15,2020-04-08T01:55:00Z,0,2,7,2,0,5
15,2020-04-08T02:20:00Z,0,17,10,10,0,14
15,2020-04-08T02:25:00Z,0,8,4,10,0,2
15,2020-04-08T02:30:00Z,0,10,10,8,0,1
15,2020-04-08T03:00:00Z,0,20,10,8,9,16
15,2020-04-08T03:05:00Z,0,10,7,2,0,0
15,2020-04-08T03:15:00Z,1,22,20,23,0,4
15,2020-04-08T03:20:00Z,0,10,6,3,0,6
15,2020-04-08T03:25:00Z,0,8,6,8,0,9
15,2020-04-08T03:35:00Z,0,7,6,7,0,7
15,2020-04-08T03:40:00Z,0,9,10,8,0,4
15,2020-04-08T03:45:00Z,0,7,3,0,0,0
15,2020-04-08T03:50:00Z,0,8,8,3,9,8
15,2020-04-08T04:00:00Z,0,4,6,6,0,10
15,2020-04-08T04:05:00Z,0,6,1,4,0,4
15,2020-04-08T04:15:00Z,0,12,0,20,0,17
15,2020-04-08T04:20:00Z,0,7,11,13,0,11
15,2020-04-08T04:25:00Z,0,5,0,1,0,1
15,2020-04-08T04:40:00Z,0,0,2,5,0,10
15,2020-04-08T04:50:00Z,0,1,0,4,0,3
15,2020-04-08T04:55:00Z,0,15,14,10,0,8
15,2020-04-08T05:10:00Z,0,6,9,10,0,2
15,2020-04-08T05:15:00Z,0,13,37,35,0,19
15,2020-04-08T05:25:00Z,0,11,11,9,0,14
15,2020-04-08T05:30:00Z,0,10,2,5,0,2
15,2020-04-08T05:35:00Z,0,6,7,5,0,4
15,2020-04-08T05:40:00Z,1,13,13,7,0,7
15,2020-04-08T05:50:00Z,0,10,7,3,0,5
15,2020-04-08T05:55:00Z,0,3,1,10,0,9
15,2020-04-08T06:05:00Z,0,2,1,4,0,10
15,2020-04-08T06:10:00Z,0,8,22,27,0,21
15,2020-04-08T06:25:00Z,0,20,2,15,0,11
15,2020-04-08T06:30:00Z,1,0,10,0,0,6
15,2020-04-08T06:40:00Z,1,5,6,9,0,10
15,2020-04-08T06:45:00Z,1,5,10,2,0,2
15,2020-04-08T06:55:00Z,0,1,3,0,0,1
15,2020-04-08T07:00:00Z,0,14,19,17,0,12
15,2020-04-08T07:10:00Z,0,6,11,17,0,14
15,2020-04-08T07:20:00Z,0,10,7,0,0,2
15,2020-04-08T07:25:00Z,0,11,16,16,0,13
15,2020-04-08T08:00:00Z,0,10,3,10,0,2
15,2020-04-08T08:05:00Z,0,13,13,20,0,23
15,2020-04-08T08:10:00Z,0,10,10,15,0,10
15,2020-04-08T08:30:00Z,0,20,5,14,0,9
15,2020-04-08T08:35:00Z,4,49,57,49,0,33
15,2020-04-08T08:40:00Z,4,201,185,200,10,146
15,2020-04-08T08:45:00Z,5,220,237,216,0,164
15,2020-04-08T08:50:00Z,5,269,263,278,23,181
15,2020-04-08T08:55:00Z,4,247,254,243,20,164
15,2020-04-08T09:00:00Z,4,262,272,262,7,183
15,2020-04-08T09:05:00Z,5,239,237,249,0,155
15,2020-04-08T09:10:00Z,5,268,293,279,0,200
15,2020-04-08T09:15:00Z,5,230,241,249,5,146
15,2020-04-08T09:20:00Z,5,236,251,253,18,159
15,2020-04-08T09:25:00Z,5,225,218,211,3,156
15,2020-04-08T09:30:00Z,5,221,205,209,3,136
15,2020-04-08T09:35:00Z,5,193,189,175,0,138
15,2020-04-08T09:40:00Z,5,203,197,199,10,144
15,2020-04-08T09:45:00Z,5,147,147,145,0,104
15,2020-04-08T09:50:00Z,5,188,178,185,9,125
15,2020-04-08T09:55:00Z,4,157,154,161,0,93
15,2020-04-08T10:00:00Z,4,145,144,146,0,98
15,2020-04-08T10:05:00Z,4,126,113,121,0,88
15,2020-04-08T10:10:00Z,5,142,149,146,10,99
15,2020-04-08T10:15:00Z,4,116,115,112,11,80
15,2020-04-08T10:20:00Z,4,160,164,155,3,115
15,2020-04-08T10:25:00Z,4,156,159,158,9,99
15,2020-04-08T10:30:00Z,5,172,169,168,0,113
15,2020-04-08T10:35:00Z,4,141,140,146,0,107
15,2020-04-08T10:40:00Z,5,131,139,137,9,89
15,2020-04-08T10:45:00Z,4,135,139,145,4,91
15,2020-04-08T10:50:00Z,5,130,121,130,7,80
15,2020-04-08T10:55:00Z,5,120,118,119,0,92
15,2020-04-08T11:00:00Z,4,132,134,126,0,84
15,2020-04-08T11:05:00Z,4,67,65,61,0,37
15,2020-04-08T11:10:00Z,5,97,98,102,0,61
15,2020-04-08T11:15:00Z,4,91,85,90,5,58
15,2020-04-08T11:20:00Z,4,93,89,91,0,60
15,2020-04-08T11:25:00Z,4,98,94,88,8,70
15,2020-04-08T11:30:00Z,4,71,67,64,0,43
15,2020-04-08T11:35:00Z,5,62,66,65,4,49
15,2020-04-08T11:40:00Z,4,71,76,64,7,60
15,2020-04-08T11:45:00Z,4,80,84,86,0,61
15,2020-04-08T11:50:00Z,4,49,47,43,0,28
15,2020-04-08T11:55:00Z,4,45,46,42,0,32
15,2020-04-08T12:00:00Z,4,67,64,68,0,44
15,2020-04-08T12:05:00Z,4,37,35,39,0,24
15,2020-04-08T12:10:00Z,3,60,52,53,0,37
15,2020-04-08T12:15:00Z,5,72,67,70,4,46
15,2020-04-08T12:20:00Z,4,28,30,32,0,20
15,2020-04-08T12:25:00Z,4,41,46,40,0,17
15,2020-04-08T12:30:00Z,4,59,56,52,0,31
15,2020-04-08T12:35:00Z,4,24,24,23,0,20
15,2020-04-08T12:40:00Z,3,39,44,40,0,32
15,2020-04-08T12:45:00Z,4,26,24,25,0,15
15,2020-04-08T12:50:00Z,4,39,35,35,0,25
15,2020-04-08T12:55:00Z,3,26,28,34,9,25
15,2020-04-08T13:00:00Z,4,23,18,20,0,13
15,2020-04-08T13:05:00Z,4,26,24,31,0,19
15,2020-04-08T13:10:00Z,4,26,28,29,0,24
15,2020-04-08T13:15:00Z,4,35,38,39,0,13
15,2020-04-08T13:20:00Z,3,29,26,23,0,40
15,2020-04-08T13:25:00Z,4,23,21,28,0,23
15,2020-04-08T13:30:00Z,3,19,17,21,0,10
15,2020-04-08T13:35:00Z,3,25,27,21,0,21
15,2020-04-08T13:40:00Z,3,10,13,9,0,6
15,2020-04-08T13:45:00Z,5,8,8,9,0,7
15,2020-04-08T13:50:00Z,2,15,12,17,0,6
15,2020-04-08T13:55:00Z,0,24,30,25,0,20
15,2020-04-08T14:00:00Z,4,8,9,8,0,5
15,2020-04-08T14:05:00Z,3,10,10,7,0,10
15,2020-04-08T14:10:00Z,4,14,11,11,0,10
15,2020-04-08T14:15:00Z,3,30,19,20,0,13
15,2020-04-08T14:20:00Z,4,18,23,19,0,12
15,2020-04-08T14:25:00Z,0,3,3,3,0,3
15,2020-04-08T14:30:00Z,4,26,36,40,0,25
15,2020-04-08T14:35:00Z,0,36,36,21,0,18
15,2020-04-08T14:40:00Z,3,12,15,14,0,5
15,2020-04-08T14:45:00Z,3,12,9,11,0,8
15,2020-04-08T14:50:00Z,2,4,4,8,0,6
15,2020-04-08T14:55:00Z,3,12,13,12,0,7
15,2020-04-08T15:00:00Z,0,3,3,3,0,2
15,2020-04-08T15:05:00Z,4,8,21,16,0,7
15,2020-04-08T15:10:00Z,0,3,3,2,0,2
15,2020-04-08T15:20:00Z,1,8,28,16,0,25
15,2020-04-08T15:25:00Z,4,17,19,21,0,11
15,2020-04-08T15:30:00Z,0,6,8,3,0,0
15,2020-04-08T15:40:00Z,1,7,5,5,0,2
15,2020-04-08T15:45:00Z,0,10,4,8,0,3
15,2020-04-08T15:55:00Z,0,6,6,7,0,13
15,2020-04-08T16:00:00Z,0,7,7,9,0,6
15,2020-04-08T16:05:00Z,1,13,14,11,0,12
15,2020-04-08T16:10:00Z,0,3,3,2,0,2
15,2020-04-08T16:15:00Z,3,10,10,10,0,7
15,2020-04-08T16:25:00Z,1,7,10,1,5,3
15,2020-04-08T16:35:00Z,0,8,16,4,0,13
15,2020-04-08T16:40:00Z,2,2,4,4,0,2
15,2020-04-08T16:50:00Z,0,13,11,3,0,10
15,2020-04-08T16:55:00Z,0,4,3,2,0,3
15,2020-04-08T17:00:00Z,3,4,2,4,0,2
15,2020-04-08T17:05:00Z,0,1,9,10,0,13
15,2020-04-08T17:10:00Z,0,4,10,1,0,8
15,2020-04-08T17:15:00Z,0,3,2,3,0,2
15,2020-04-08T17:25:00Z,0,10,11,20,0,10
15,2020-04-08T17:30:00Z,0,5,0,9,0,9
15,2020-04-08T17:35:00Z,1,19,11,7,0,0
15,2020-04-08T17:55:00Z,0,4,1,10,0,5
15,2020-04-08T18:00:00Z,0,11,18,12,0,14
15,2020-04-08T18:05:00Z,0,3,4,6,0,6
15,2020-04-08T18:10:00Z,0,17,11,10,0,14
15,2020-04-08T18:30:00Z,0,1,7,0,0,8
15,2020-04-08T18:35:00Z,0,4,6,6,0,10
15,2020-04-08T18:40:00Z,0,7,10,8,0,0
15,2020-04-08T18:50:00Z,0,7,5,7,0,3
15,2020-04-08T19:05:00Z,0,0,3,1,0,10
15,2020-04-08T19:10:00Z,1,10,7,16,0,5
15,2020-04-08T19:25:00Z,1,10,23,12,0,20
15,2020-04-08T19:30:00Z,0,2,1,10,0,2
15,2020-04-08T19:35:00Z,0,8,5,7,0,3
15,2020-04-08T19:40:00Z,0,10,7,10,0,5
15,2020-04-08T19:45:00Z,0,4,4,6,0,0
15,2020-04-08T19:50:00Z,0,5,10,5,0,2
15,2020-04-08T19:55:00Z,0,24,19,15,0,18
15,2020-04-08T20:00:00Z,0,9,3,5,0,8
15,2020-04-08T20:15:00Z,1,10,10,8,0,10
15,2020-04-08T20:20:00Z,0,14,13,9,0,4
15,2020-04-08T20:45:00Z,0,8,10,0,0,2
15,2020-04-08T20:55:00Z,0,3,17,9,0,20
15,2020-04-08T21:00:00Z,0,10,9,6,0,7
15,2020-04-08T21:05:00Z,0,3,6,2,0,2
15,2020-04-08T21:20:00Z,1,18,16,18,0,10
15,2020-04-08T21:25:00Z,0,0,4,6,0,8
15,2020-04-08T21:35:00Z,0,19,7,6,0,12
15,2020-04-08T21:45:00Z,0,9,6,5,0,7
15,2020-04-08T21:50:00Z,1,6,10,5,0,7
15,2020-04-08T22:00:00Z,0,9,10,17,0,11
15,2020-04-08T22:10:00Z,0,4,1,7,0,8
15,2020-04-08T22:15:00Z,0,9,15,4,0,14
15,2020-04-08T22:20:00Z,1,7,7,2,0,6
15,2020-04-08T22:25:00Z,0,4,6,20,0,12
15,2020-04-08T22:30:00Z,0,7,18,12,9,10
15,2020-04-08T22:40:00Z,0,12,13,8,0,14
15,2020-04-08T22:50:00Z,0,8,7,7,0,8
15,2020-04-08T22:55:00Z,0,2,2,10,0,0
15,2020-04-08T23:00:00Z,0,10,8,3,0,5
15,2020-04-08T23:05:00Z,0,3,4,10,0,3
15,2020-04-08T23:10:00Z,0,4,7,6,0,0
15,2020-04-08T23:15:00Z,0,7,6,9,0,12
15,2020-04-08T23:20:00Z,0,13,18,14,0,10
15,2020-04-08T23:40:00Z,0,7,10,0,0,3
15,2020-04-08T23:50:00Z,0,16,24,18,0,5
15,2020-04-08T23:55:00Z,0,5,10,4,0,6
16,2020-04-08T00:00:00Z,0,2,1,8,2,2
16,2020-04-08T01:00:00Z,0,5,7,10,10,3
16,2020-04-08T01:05:00Z,0,7,1,7,4,7
16,2020-04-08T01:20:00Z,0,11,4,16,8,5
16,2020-04-08T02:00:00Z,0,2,6,1,0,8
16,2020-04-08T02:40:00Z,1,9,8,7,8,4
16,2020-04-08T02:45:00Z,0,5,9,8,16,7
16,2020-04-08T03:20:00Z,0,10,3,1,1,6
16,2020-04-08T04:05:00Z,0,9,9,11,11,12
16,2020-04-08T04:45:00Z,0,10,10,6,1,9
16,2020-04-08T05:15:00Z,0,7,1,4,4,2
16,2020-04-08T05:25:00Z,0,10,10,0,9,10
16,2020-04-08T05:45:00Z,0,6,6,2,10,10
16,2020-04-08T05:50:00Z,0,5,0,0,8,4
16,2020-04-08T05:55:00Z,0,10,1,10,4,6
16,2020-04-08T06:05:00Z,0,8,9,9,0,10
16,2020-04-08T06:15:00Z,0,7,10,7,6,2
16,2020-04-08T06:25:00Z,0,2,2,4,8,5
16,2020-04-08T06:30:00Z,0,5,9,8,8,10
16,2020-04-08T06:55:00Z,0,10,7,0,5,2
16,2020-04-08T07:10:00Z,1,0,0,8,5,10
16,2020-04-08T07:25:00Z,0,6,10,8,4,2
16,2020-04-08T07:40:00Z,0,4,5,9,0,6
16,2020-04-08T08:20:00Z,0,4,5,10,1,9
16,2020-04-08T08:25:00Z,0,0,6,8,6,10
16,2020-04-08T08:30:00Z,0,5,9,7,2,3
16,2020-04-08T08:35:00Z,3,19,18,20,16,11
16,2020-04-08T08:40:00Z,3,63,58,64,63,32
16,2020-04-08T08:45:00Z,3,100,96,99,99,76
16,2020-04-08T08:50:00Z,4,102,106,104,109,63
16,2020-04-08T08:55:00Z,3,121,117,125,119,92
16,2020-04-08T09:00:00Z,4,106,107,102,104,80
16,2020-04-08T09:05:00Z,3,92,102,96,90,70
16,2020-04-08T09:10:00Z,3,130,128,131,133,97
16,2020-04-08T09:15:00Z,3,97,101,103,95,76
16,2020-04-08T09:20:00Z,3,88,97,93,90,59
16,2020-04-08T09:25:00Z,4,103,107,90,106,72
16,2020-04-08T09:30:00Z,4,89,84,84,82,48
16,2020-04-08T09:35:00Z,3,66,79,69,72,50
16,2020-04-08T09:40:00Z,3,94,99,92,91,66
16,2020-04-08T09:45:00Z,3,106,107,113,106,80
16,2020-04-08T09:50:00Z,4,121,116,122,122,95
16,2020-04-08T09:55:00Z,4,87,87,87,93,66
16,2020-04-08T10:00:00Z,3,67,65,64,64,45
16,2020-04-08T10:05:00Z,3,69,68,67,70,51
16,2020-04-08T10:10:00Z,2,74,76,73,72,49
16,2020-04-08T10:15:00Z,3,46,46,53,44,31
16,2020-04-08T10:20:00Z,3,113,129,118,112,92
16,2020-04-08T10:25:00Z,3,75,70,78,79,52
16,2020-04-08T10:30:00Z,3,38,35,34,33,22
16,2020-04-08T10:35:00Z,2,54,52,55,52,42
16,2020-04-08T10:40:00Z,2,64,64,65,62,53
16,2020-04-08T10:45:00Z,4,63,65,62,64,43
16,2020-04-08T10:50:00Z,3,60,63,60,63,48
16,2020-04-08T10:55:00Z,3,68,64,67,66,46
16,2020-04-08T11:00:00Z,2,44,46,51,49,35
16,2020-04-08T11:05:00Z,1,55,55,70,65,49
16,2020-04-08T11:10:00Z,3,67,72,70,76,64
16,2020-04-08T11:15:00Z,2,35,31,35,33,23
16,2020-04-08T11:20:00Z,1,28,30,28,29,18
16,2020-04-08T11:25:00Z,3,53,55,61,56,33
16,2020-04-08T11:30:00Z,1,30,30,22,27,17
16,2020-04-08T11:35:00Z,2,32,33,31,31,27
16,2020-04-08T11:40:00Z,3,35,35,40,36,25
16,2020-04-08T11:45:00Z,2,45,45,43,46,40
16,2020-04-08T11:50:00Z,2,45,49,41,43,32
16,2020-04-08T11:55:00Z,1,24,24,20,23,16
16,2020-04-08T12:00:00Z,2,31,30,29,30,22
16,2020-04-08T12:05:00Z,1,32,31,23,33,32
16,2020-04-08T12:10:00Z,2,16,12,15,15,11
16,2020-04-08T12:15:00Z,0,32,30,32,32,26
16,2020-04-08T12:20:00Z,3,18,20,20,22,13
16,2020-04-08T12:25:00Z,2,35,33,34,28,19
16,2020-04-08T12:30:00Z,1,22,22,23,24,16
16,2020-04-08T12:35:00Z,1,35,35,37,38,28
16,2020-04-08T12:40:00Z,1,12,22,22,23,18
16,2020-04-08T12:45:00Z,2,48,52,56,50,49
16,2020-04-08T12:50:00Z,1,17,17,16,15,8
16,2020-04-08T12:55:00Z,2,32,26,34,29,22
16,2020-04-08T13:00:00Z,0,9,8,7,7,4
16,2020-04-08T13:05:00Z,2,22,27,23,19,15
16,2020-04-08T13:10:00Z,2,18,14,14,14,10
16,2020-04-08T13:15:00Z,1,28,25,22,27,23
16,2020-04-08T13:20:00Z,1,10,15,9,14,11
16,2020-04-08T13:25:00Z,0,25,30,27,23,21
16,2020-04-08T13:30:00Z,0,14,18,13,10,14
16,2020-04-08T13:35:00Z,1,12,12,12,11,8
16,2020-04-08T13:40:00Z,0,2,1,2,2,1
16,2020-04-08T13:45:00Z,0,12,8,11,10,9
16,2020-04-08T13:50:00Z,0,4,15,14,6,12
16,2020-04-08T14:00:00Z,0,17,17,11,11,14
16,2020-04-08T14:05:00Z,2,16,19,16,18,13
16,2020-04-08T14:10:00Z,0,15,13,16,14,9
16,2020-04-08T14:15:00Z,0,10,17,10,18,5
16,2020-04-08T14:20:00Z,0,6,5,6,6,4
16,2020-04-08T14:30:00Z,0,18,12,14,20,18
16,2020-04-08T14:35:00Z,0,8,7,11,12,15
16,2020-04-08T14:40:00Z,0,19,16,24,23,12
16,2020-04-08T14:45:00Z,0,19,20,23,23,18
16,2020-04-08T14:50:00Z,0,4,6,3,2,2
16,2020-04-08T14:55:00Z,0,4,5,4,6,5
16,2020-04-08T15:00:00Z,0,4,4,4,5,3
16,2020-04-08T15:05:00Z,0,6,4,5,5,6
16,2020-04-08T15:15:00Z,2,16,15,13,12,10
16,2020-04-08T15:20:00Z,0,12,9,13,13,14
16,2020-04-08T15:25:00Z,2,6,8,7,5,4
16,2020-04-08T15:30:00Z,0,4,6,6,6,4
16,2020-04-08T15:35:00Z,0,15,10,6,13,15
16,2020-04-08T15:45:00Z,0,7,6,4,7,9
16,2020-04-08T15:50:00Z,2,14,12,4,6,10
16,2020-04-08T15:55:00Z,0,10,10,11,12,9
16,2020-04-08T16:00:00Z,0,12,17,13,12,12
16,2020-04-08T16:10:00Z,0,10,7,1,7,0
16,2020-04-08T16:15:00Z,2,2,2,1,2,1
16,2020-04-08T16:30:00Z,1,7,7,7,7,5
16,2020-04-08T16:35:00Z,0,5,5,3,5,3
16,2020-04-08T16:45:00Z,0,11,10,12,9,8
16,2020-04-08T16:50:00Z,0,20,11,23,16,13
16,2020-04-08T16:55:00Z,1,20,14,20,29,27
16,2020-04-08T17:10:00Z,0,17,13,8,13,16
16,2020-04-08T17:35:00Z,1,9,10,8,5,6
16,2020-04-08T17:40:00Z,0,4,7,5,5,4
16,2020-04-08T18:35:00Z,0,1,5,5,10,10
16,2020-04-08T18:45:00Z,0,6,9,9,5,7
16,2020-04-08T18:50:00Z,0,4,14,10,13,8
16,2020-04-08T19:15:00Z,0,10,10,8,4,10
16,2020-04-08T19:50:00Z,0,5,6,3,4,10
16,2020-04-08T20:00:00Z,0,4,5,6,5,3
16,2020-04-08T20:10:00Z,0,0,10,0,3,2
16,2020-04-08T20:20:00Z,1,3,10,6,2,9
16,2020-04-08T20:25:00Z,0,0,2,8,10,5
16,2020-04-08T20:40:00Z,0,14,17,11,15,19
16,2020-04-08T22:05:00Z,0,11,9,20,9,8
16,2020-04-08T22:20:00Z,0,1,2,4,10,2
16,2020-04-08T22:40:00Z,0,8,7,6,10,9
16,2020-04-08T23:00:00Z,0,16,18,16,15,16
16,2020-04-08T23:20:00Z,0,0,3,8,1,3
16,2020-04-08T23:45:00Z,0,3,4,5,3,10
16,2020-04-08T23:50:00Z,0,2,2,8,3,5
17,2020-04-08T01:00:00Z,0,10,2,10,0,9
17,2020-04-08T01:05:00Z,1,3,4,10,0,4
17,2020-04-08T01:10:00Z,0,4,0,9,0,3
17,2020-04-08T01:15:00Z,0,8,6,0,0,9
17,2020-04-08T01:20:00Z,0,5,6,10,0,10
17,2020-04-08T01:40:00Z,0,3,10,1,0,5
17,2020-04-08T01:50:00Z,0,10,0,0,0,4
17,2020-04-08T02:45:00Z,0,0,8,7,0,0
17,2020-04-08T03:55:00Z,0,2,3,10,0,6
17,2020-04-08T04:30:00Z,0,7,10,4,0,0
17,2020-04-08T05:20:00Z,0,0,8,2,0,1
17,2020-04-08T05:40:00Z,0,0,1,4,0,10
17,2020-04-08T06:15:00Z,0,4,10,0,0,5
17,2020-04-08T06:40:00Z,0,7,3,4,0,8
17,2020-04-08T06:45:00Z,0,8,9,4,0,4
17,2020-04-08T06:55:00Z,1,2,6,6,0,10
17,2020-04-08T07:25:00Z,0,7,3,2,0,10
17,2020-04-08T07:50:00Z,0,0,6,4,0,8
17,2020-04-08T08:00:00Z,0,3,7,4,0,4
17,2020-04-08T08:35:00Z,3,10,58,48,0,25
17,2020-04-08T08:40:00Z,3,13,120,100,0,54
17,2020-04-08T08:45:00Z,4,24,179,152,0,85
17,2020-04-08T08:50:00Z,4,31,276,241,10,115
17,2020-04-08T08:55:00Z,3,43,287,254,9,129
17,2020-04-08T09:00:00Z,3,30,211,172,0,84
17,2020-04-08T09:05:00Z,4,47,294,252,9,121
17,2020-04-08T09:10:00Z,4,33,239,205,0,104
17,2020-04-08T09:15:00Z,3,55,296,246,11,131
17,2020-04-08T09:20:00Z,3,49,272,230,0,114
17,2020-04-08T09:25:00Z,3,38,266,234,0,114
17,2020-04-08T09:30:00Z,4,40,260,215,0,103
17,2020-04-08T09:35:00Z,3,24,177,157,0,70
17,2020-04-08T09:40:00Z,4,26,196,166,7,84
17,2020-04-08T09:45:00Z,3,38,264,220,0,105
17,2020-04-08T09:50:00Z,4,20,162,130,7,75
17,2020-04-08T09:55:00Z,4,35,246,215,0,110
17,2020-04-08T10:00:00Z,4,28,147,129,0,65
17,2020-04-08T10:05:00Z,3,21,152,132,0,69
17,2020-04-08T10:10:00Z,3,27,168,145,0,68
17,2020-04-08T10:15:00Z,4,20,164,140,0,69
17,2020-04-08T10:20:00Z,3,28,186,151,0,85
17,2020-04-08T10:25:00Z,3,30,200,166,7,88
17,2020-04-08T10:30:00Z,3,30,211,174,0,84
17,2020-04-08T10:35:00Z,3,24,213,172,0,91
17,2020-04-08T10:40:00Z,3,24,193,166,0,79
17,2020-04-08T10:45:00Z,3,24,160,133,3,70
17,2020-04-08T10:50:00Z,3,20,134,109,5,49
17,2020-04-08T10:55:00Z,4,30,188,162,7,87
17,2020-04-08T11:00:00Z,3,18,116,95,3,51
17,2020-04-08T11:05:00Z,3,18,138,119,0,65
17,2020-04-08T11:10:00Z,3,17,89,78,0,39
17,2020-04-08T11:15:00Z,3,7,71,64,8,28
17,2020-04-08T11:20:00Z,3,21,98,78,0,47
17,2020-04-08T11:25:00Z,3,13,85,75,0,36
17,2020-04-08T11:30:00Z,4,12,97,81,0,45
17,2020-04-08T11:35:00Z,4,12,80,62,0,32
17,2020-04-08T11:40:00Z,3,9,53,47,0,26
17,2020-04-08T11:45:00Z,3,3,28,25,0,12
17,2020-04-08T11:50:00Z,3,13,130,112,8,53
17,2020-04-08T11:55:00Z,3,7,48,44,0,21
17,2020-04-08T12:00:00Z,3,6,68,62,0,27
17,2020-04-08T12:05:00Z,3,7,66,56,0,29
17,2020-04-08T12:10:00Z,2,13,86,70,0,32
17,2020-04-08T12:15:00Z,3,6,65,61,0,28
17,2020-04-08T12:20:00Z,3,6,50,44,0,20
17,2020-04-08T12:25:00Z,4,10,64,48,0,25
17,2020-04-08T12:30:00Z,3,1,42,35,0,18
17,2020-04-08T12:35:00Z,3,10,58,48,0,22
17,2020-04-08T12:40:00Z,3,14,73,67,0,32
17,2020-04-08T12:45:00Z,4,16,75,67,0,42
17,2020-04-08T12:50:00Z,3,4,29,24,0,15
17,2020-04-08T12:55:00Z,3,3,33,30,0,15
17,2020-04-08T13:00:00Z,3,16,75,66,0,36
17,2020-04-08T13:05:00Z,3,5,54,48,0,23
17,2020-04-08T13:10:00Z,3,9,55,51,0,24
17,2020-04-08T13:15:00Z,2,0,13,13,0,9
17,2020-04-08T13:20:00Z,2,5,19,19,0,10
17,2020-04-08T13:25:00Z,2,4,26,22,0,11
17,2020-04-08T13:30:00Z,2,6,36,29,0,16
17,2020-04-08T13:35:00Z,3,2,15,12,0,7
17,2020-04-08T13:40:00Z,2,7,36,29,0,17
17,2020-04-08T13:45:00Z,-0,4,12,12,0,6
17,2020-04-08T13:50:00Z,2,12,30,22,8,10
17,2020-04-08T13:55:00Z,3,5,27,26,0,14
17,2020-04-08T14:00:00Z,0,4,8,6,0,2
17,2020-04-08T14:05:00Z,0,3,14,12,0,5
17,2020-04-08T14:15:00Z,2,3,12,13,0,8
17,2020-04-08T14:20:00Z,2,1,7,6,0,5
17,2020-04-08T14:30:00Z,3,1,20,16,0,9
17,2020-04-08T14:35:00Z,2,3,14,12,0,6
17,2020-04-08T14:40:00Z,1,3,14,11,0,6
17,2020-04-08T14:45:00Z,3,4,20,18,0,8
17,2020-04-08T14:50:00Z,2,2,5,6,0,3
17,2020-04-08T14:55:00Z,2,4,14,9,0,12
17,2020-04-08T15:00:00Z,3,11,11,16,0,4
17,2020-04-08T15:05:00Z,2,1,7,7,0,2
17,2020-04-08T15:10:00Z,1,1,7,6,0,3
17,2020-04-08T15:15:00Z,3,4,20,21,0,18
17,2020-04-08T15:25:00Z,2,22,26,30,4,21
17,2020-04-08T15:35:00Z,1,0,7,6,0,2
17,2020-04-08T15:40:00Z,2,2,7,7,0,3
17,2020-04-08T15:50:00Z,0,5,7,6,0,0
17,2020-04-08T16:15:00Z,2,3,12,11,0,6
17,2020-04-08T16:25:00Z,-0,1,6,5,0,4
17,2020-04-08T16:45:00Z,0,2,9,10,0,1
17,2020-04-08T17:10:00Z,1,1,7,6,0,3
17,2020-04-08T17:20:00Z,2,1,8,7,0,4
17,2020-04-08T17:55:00Z,2,1,8,6,0,3
17,2020-04-08T18:05:00Z,2,1,8,6,0,4
17,2020-04-08T18:15:00Z,1,2,7,7,0,3
17,2020-04-08T18:45:00Z,1,1,7,7,0,2
17,2020-04-08T20:10:00Z,0,7,0,0,0,7
17,2020-04-08T20:50:00Z,0,10,10,9,0,10
17,2020-04-08T23:15:00Z,0,9,6,5,0,6
18,2020-04-08T00:05:00Z,0,8,0,10,0,1
18,2020-04-08T00:15:00Z,0,7,1,8,0,1
18,2020-04-08T00:30:00Z,0,8,7,3,0,1
18,2020-04-08T00:40:00Z,0,4,1,1,0,10
18,2020-04-08T00:50:00Z,0,3,2,5,0,9
18,2020-04-08T01:05:00Z,0,10,10,10,0,10
18,2020-04-08T01:10:00Z,1,1,4,7,8,8
18,2020-04-08T01:30:00Z,0,3,10,5,0,7
18,2020-04-08T02:05:00Z,0,7,13,13,0,14
18,2020-04-08T02:40:00Z,0,7,8,15,0,10
18,2020-04-08T03:00:00Z,0,14,5,15,0,15
18,2020-04-08T03:40:00Z,0,10,0,1,3,0
18,2020-04-08T03:45:00Z,0,0,10,10,0,5
18,2020-04-08T04:30:00Z,0,10,5,4,0,8
18,2020-04-08T05:00:00Z,0,4,10,11,0,3
18,2020-04-08T05:30:00Z,0,10,1,6,0,10
18,2020-04-08T06:20:00Z,0,7,1,10,0,7
18,2020-04-08T06:40:00Z,0,5,5,6,0,7
18,2020-04-08T07:15:00Z,0,10,5,0,0,10
18,2020-04-08T07:30:00Z,0,10,9,6,0,8
18,2020-04-08T07:35:00Z,0,4,8,9,0,5
18,2020-04-08T07:45:00Z,1,1,10,10,0,7
18,2020-04-08T07:55:00Z,0,13,10,10,0,5
18,2020-04-08T08:25:00Z,0,3,1,9,0,1
18,2020-04-08T08:35:00Z,6,193,476,269,10,327
18,2020-04-08T08:40:00Z,6,403,954,542,10,692
18,2020-04-08T08:45:00Z,6,446,1013,579,10,731
18,2020-04-08T08:50:00Z,6,428,1025,569,4,723
18,2020-04-08T08:55:00Z,6,355,858,486,18,606
18,2020-04-08T09:00:00Z,6,349,847,494,8,609
18,2020-04-08T09:05:00Z,6,375,884,512,0,628
18,2020-04-08T09:10:00Z,6,388,898,516,14,656
18,2020-04-08T09:15:00Z,6,340,780,425,1,552
18,2020-04-08T09:20:00Z,6,337,766,428,2,529
18,2020-04-08T09:25:00Z,6,266,636,359,17,437
18,2020-04-08T09:30:00Z,6,278,666,387,6,472
18,2020-04-08T09:35:00Z,6,317,728,409,4,526
18,2020-04-08T09:40:00Z,6,287,642,363,2,456
18,2020-04-08T09:45:00Z,6,277,632,355,0,445
18,2020-04-08T09:50:00Z,6,255,593,340,0,434
18,2020-04-08T09:55:00Z,7,252,558,319,7,389
18,2020-04-08T10:00:00Z,6,207,466,257,4,319
18,2020-04-08T10:05:00Z,5,250,586,339,4,420
18,2020-04-08T10:10:00Z,6,219,502,283,9,347
18,2020-04-08T10:15:00Z,5,176,425,235,8,293
18,2020-04-08T10:20:00Z,5,229,525,302,20,379
18,2020-04-08T10:25:00Z,5,192,429,233,0,299
18,2020-04-08T10:30:00Z,6,195,473,265,1,326
18,2020-04-08T10:35:00Z,6,154,359,205,0,263
18,2020-04-08T10:40:00Z,6,151,346,199,0,253
18,2020-04-08T10:45:00Z,6,149,352,201,0,240
18,2020-04-08T10:50:00Z,6,144,332,183,7,229
18,2020-04-08T10:55:00Z,6,146,355,198,4,257
18,2020-04-08T11:00:00Z,6,130,305,173,0,205
18,2020-04-08T11:05:00Z,6,122,290,171,0,209
18,2020-04-08T11:10:00Z,5,148,361,197,0,252
18,2020-04-08T11:15:00Z,6,110,261,150,0,178
18,2020-04-08T11:20:00Z,6,97,219,130,0,159
18,2020-04-08T11:25:00Z,6,147,332,199,0,237
18,2020-04-08T11:30:00Z,5,81,199,116,0,139
18,2020-04-08T11:35:00Z,6,94,219,123,0,153
18,2020-04-08T11:40:00Z,6,93,200,120,0,148
18,2020-04-08T11:45:00Z,6,82,178,103,8,126
18,2020-04-08T11:50:00Z,6,82,185,111,0,135
18,2020-04-08T11:55:00Z,5,109,251,141,5,175
18,2020-04-08T12:00:00Z,5,91,199,112,0,141
18,2020-04-08T12:05:00Z,5,52,114,72,0,88
18,2020-04-08T12:10:00Z,5,57,138,88,0,103
18,2020-04-08T12:15:00Z,6,72,151,89,0,114
18,2020-04-08T12:20:00Z,5,54,125,76,0,84
18,2020-04-08T12:25:00Z,5,48,111,65,0,77
18,2020-04-08T12:30:00Z,5,45,117,64,0,91
18,2020-04-08T12:35:00Z,5,36,91,51,1,64
18,2020-04-08T12:40:00Z,5,24,58,31,1,38
18,2020-04-08T12:45:00Z,6,47,111,61,8,75
18,2020-04-08T12:50:00Z,6,29,67,44,0,48
18,2020-04-08T12:55:00Z,5,42,116,61,0,83
18,2020-04-08T13:00:00Z,6,37,78,54,0,63
18,2020-04-08T13:05:00Z,6,40,87,44,4,66
18,2020-04-08T13:10:00Z,5,34,86,47,4,62
18,2020-04-08T13:15:00Z,5,39,89,53,0,56
18,2020-04-08T13:20:00Z,5,20,43,22,0,31
18,2020-04-08T13:25:00Z,5,13,27,16,0,22
18,2020-04-08T13:30:00Z,5,27,62,32,0,47
18,2020-04-08T13:35:00Z,4,32,64,38,0,46
18,2020-04-08T13:40:00Z,5,32,82,40,7,55
18,2020-04-08T13:45:00Z,5,13,30,15,0,22
18,2020-04-08T13:50:00Z,5,21,45,31,0,33
18,2020-04-08T13:55:00Z,5,24,59,33,0,42
18,2020-04-08T14:00:00Z,3,9,19,12,0,15
18,2020-04-08T14:05:00Z,5,31,57,40,0,37
18,2020-04-08T14:10:00Z,5,10,20,11,0,13
18,2020-04-08T14:15:00Z,4,10,29,17,0,18
18,2020-04-08T14:20:00Z,4,10,21,12,0,15
18,2020-04-08T14:25:00Z,5,34,50,35,0,40
18,2020-04-08T14:30:00Z,5,15,34,22,0,25
18,2020-04-08T14:35:00Z,5,20,42,24,0,32
18,2020-04-08T14:40:00Z,4,10,20,11,0,15
18,2020-04-08T14:45:00Z,5,5,14,8,0,9
18,2020-04-08T14:50:00Z,4,8,21,12,0,14
18,2020-04-08T14:55:00Z,0,13,14,12,0,7
18,2020-04-08T15:00:00Z,5,22,48,31,8,42
18,2020-04-08T15:05:00Z,4,3,6,5,0,4
18,2020-04-08T15:10:00Z,4,16,36,19,0,25
18,2020-04-08T15:15:00Z,4,14,28,16,0,21
18,2020-04-08T15:20:00Z,4,13,27,15,0,20
18,2020-04-08T15:25:00Z,3,6,15,7,0,8
18,2020-04-08T15:30:00Z,4,11,32,18,0,15
18,2020-04-08T15:50:00Z,5,4,17,14,0,8
18,2020-04-08T15:55:00Z,5,10,17,8,0,15
18,2020-04-08T16:05:00Z,4,12,30,15,0,23
18,2020-04-08T16:10:00Z,5,3,8,6,0,4
18,2020-04-08T16:15:00Z,5,6,13,7,0,9
18,2020-04-08T16:30:00Z,3,4,7,5,0,5
18,2020-04-08T16:40:00Z,0,7,15,10,0,15
18,2020-04-08T16:45:00Z,4,2,7,6,0,6
18,2020-04-08T16:50:00Z,4,3,7,4,0,6
18,2020-04-08T16:55:00Z,4,4,7,3,0,5
18,2020-04-08T17:05:00Z,0,2,4,10,0,5
18,2020-04-08T17:15:00Z,5,13,7,11,2,10
18,2020-04-08T17:20:00Z,0,14,10,5,0,11
18,2020-04-08T17:25:00Z,4,10,19,14,0,15
18,2020-04-08T17:35:00Z,4,6,14,8,0,13
18,2020-04-08T17:55:00Z,4,3,7,4,0,5
18,2020-04-08T18:05:00Z,0,8,2,8,0,8
18,2020-04-08T18:10:00Z,0,1,6,9,0,10
18,2020-04-08T18:15:00Z,0,7,9,10,0,8
18,2020-04-08T18:20:00Z,0,19,11,14,0,7
18,2020-04-08T18:25:00Z,5,12,15,7,0,15
18,2020-04-08T18:30:00Z,0,10,10,3,0,10
18,2020-04-08T18:50:00Z,1,4,7,5,0,7
18,2020-04-08T18:55:00Z,0,0,10,9,0,0
18,2020-04-08T19:00:00Z,3,13,7,9,8,9
18,2020-04-08T19:10:00Z,4,2,7,4,0,5
18,2020-04-08T19:40:00Z,0,2,1,1,0,5
18,2020-04-08T20:00:00Z,3,3,9,3,0,4
18,2020-04-08T20:40:00Z,0,10,4,3,0,9
18,2020-04-08T20:50:00Z,0,16,12,12,0,13
18,2020-04-08T20:55:00Z,0,10,10,10,0,10
18,2020-04-08T21:20:00Z,1,6,7,1,0,1
18,2020-04-08T21:55:00Z,0,10,2,0,0,8
18,2020-04-08T22:20:00Z,0,10,7,10,0,1
18,2020-04-08T22:25:00Z,0,1,1,8,0,4
18,2020-04-08T22:35:00Z,0,10,1,3,0,9
18,2020-04-08T23:10:00Z,0,2,2,6,0,10
18,2020-04-08T23:35:00Z,0,8,6,10,0,7
19,2020-04-08T00:05:00Z,0,15,30,31,0,20
19,2020-04-08T00:40:00Z,0,0,0,7,0,0
19,2020-04-08T01:00:00Z,0,2,1,8,0,7
19,2020-04-08T01:05:00Z,0,8,3,5,0,5
19,2020-04-08T01:10:00Z,0,5,0,8,0,2
19,2020-04-08T01:40:00Z,0,8,7,0,0,6
19,2020-04-08T01:45:00Z,1,14,15,13,0,5
19,2020-04-08T02:00:00Z,1,9,5,9,0,0
19,2020-04-08T02:05:00Z,0,4,7,10,0,1
19,2020-04-08T02:15:00Z,0,10,5,1,0,5
19,2020-04-08T03:00:00Z,0,11,20,10,0,14
19,2020-04-08T03:35:00Z,1,1,2,10,0,1
19,2020-04-08T04:00:00Z,0,4,5,0,0,10
19,2020-04-08T04:05:00Z,0,6,9,4,0,9
19,2020-04-08T04:25:00Z,0,1,0,2,0,3
19,2020-04-08T04:40:00Z,0,7,10,7,0,3
19,2020-04-08T05:15:00Z,0,6,7,5,0,6
19,2020-04-08T05:25:00Z,0,0,0,6,0,3
19,2020-04-08T05:30:00Z,1,6,0,0,0,1
19,2020-04-08T06:20:00Z,0,7,9,3,0,7
19,2020-04-08T06:30:00Z,0,9,8,5,0,2
19,2020-04-08T06:35:00Z,1,6,2,8,0,10
19,2020-04-08T06:50:00Z,0,1,7,7,0,5
19,2020-04-08T06:55:00Z,0,10,19,15,0,13
19,2020-04-08T07:10:00Z,0,0,10,8,0,7
19,2020-04-08T07:25:00Z,0,9,3,1,0,3
19,2020-04-08T07:30:00Z,0,7,4,1,0,3
19,2020-04-08T07:50:00Z,0,3,2,8,0,5
19,2020-04-08T08:00:00Z,0,0,0,10,0,0
19,2020-04-08T08:05:00Z,0,13,10,11,0,4
19,2020-04-08T08:35:00Z,4,14,22,21,0,34
19,2020-04-08T08:40:00Z,4,37,61,47,0,65
19,2020-04-08T08:45:00Z,4,15,42,39,8,53
19,2020-04-08T08:50:00Z,5,36,65,65,2,93
19,2020-04-08T08:55:00Z,4,26,45,41,0,70
19,2020-04-08T09:00:00Z,4,40,53,65,0,85
19,2020-04-08T09:05:00Z,4,6,22,24,0,30
19,2020-04-08T09:10:00Z,4,27,47,43,0,58
19,2020-04-08T09:15:00Z,4,16,28,35,0,49
19,2020-04-08T09:20:00Z,4,16,29,31,0,49
19,2020-04-08T09:25:00Z,4,18,23,25,9,35
19,2020-04-08T09:30:00Z,4,22,43,45,0,64
19,2020-04-08T09:35:00Z,5,27,48,47,0,79
19,2020-04-08T09:40:00Z,4,15,32,29,0,45
19,2020-04-08T09:45:00Z,4,26,34,36,0,54
19,2020-04-08T09:50:00Z,4,17,29,24,0,44
19,2020-04-08T09:55:00Z,4,14,20,23,0,24
19,2020-04-08T10:00:00Z,4,20,34,38,0,48
19,2020-04-08T10:05:00Z,4,13,24,19,0,38
19,2020-04-08T10:10:00Z,4,23,32,27,0,37
19,2020-04-08T10:15:00Z,4,8,19,20,0,33
19,2020-04-08T10:20:00Z,5,14,35,36,0,48
19,2020-04-08T10:25:00Z,4,8,12,14,0,19
19,2020-04-08T10:30:00Z,4,14,24,33,0,44
19,2020-04-08T10:35:00Z,5,13,15,18,9,29
19,2020-04-08T10:40:00Z,3,13,26,23,0,35
19,2020-04-08T10:45:00Z,4,14,29,28,0,44
19,2020-04-08T10:50:00Z,3,19,26,31,0,45
19,2020-04-08T10:55:00Z,4,17,33,26,0,53
19,2020-04-08T11:00:00Z,3,8,17,17,1,23
19,2020-04-08T11:05:00Z,4,12,19,23,0,31
19,2020-04-08T11:10:00Z,4,9,24,21,0,31
19,2020-04-08T11:15:00Z,3,8,10,15,0,14
19,2020-04-08T11:20:00Z,4,14,21,19,0,30
19,2020-04-08T11:25:00Z,5,14,23,23,0,35
19,2020-04-08T11:30:00Z,4,10,20,21,5,38
19,2020-04-08T11:35:00Z,3,6,10,9,0,14
19,2020-04-08T11:40:00Z,4,5,12,12,0,17
19,2020-04-08T11:45:00Z,3,4,14,18,0,17
19,2020-04-08T11:50:00Z,4,7,15,16,0,18
19,2020-04-08T11:55:00Z,4,6,19,19,0,31
19,2020-04-08T12:00:00Z,0,2,4,1,0,2
19,2020-04-08T12:05:00Z,4,7,11,8,0,13
19,2020-04-08T12:10:00Z,3,4,12,8,0,18
19,2020-04-08T12:15:00Z,3,5,8,9,0,14
19,2020-04-08T12:20:00Z,4,15,30,23,10,35
19,2020-04-08T12:25:00Z,4,7,12,7,0,16
19,2020-04-08T12:30:00Z,3,8,11,15,0,13
19,2020-04-08T12:35:00Z,2,4,9,9,0,10
19,2020-04-08T12:40:00Z,4,6,8,8,0,11
19,2020-04-08T12:45:00Z,4,3,11,11,10,15
19,2020-04-08T12:50:00Z,4,1,3,4,0,7
19,2020-04-08T12:55:00Z,1,7,10,8,0,6
19,2020-04-08T13:00:00Z,4,3,3,4,0,6
19,2020-04-08T13:05:00Z,1,5,13,7,0,7
19,2020-04-08T13:10:00Z,0,14,17,15,0,4
19,2020-04-08T13:15:00Z,2,5,7,8,0,11
19,2020-04-08T13:20:00Z,-0,2,4,4,0,6
19,2020-04-08T13:30:00Z,5,12,9,18,0,19
19,2020-04-08T13:35:00Z,3,9,10,11,0,12
19,2020-04-08T13:40:00Z,3,0,2,4,0,7
19,2020-04-08T13:45:00Z,4,5,6,5,0,7
19,2020-04-08T13:50:00Z,2,3,7,6,0,6
19,2020-04-08T13:55:00Z,4,2,5,3,0,6
19,2020-04-08T14:00:00Z,0,7,8,5,0,8
19,2020-04-08T14:05:00Z,3,1,1,3,0,5
19,2020-04-08T14:10:00Z,4,4,4,4,0,8
19,2020-04-08T14:20:00Z,4,5,7,6,0,13
19,2020-04-08T14:25:00Z,3,0,3,4,0,6
19,2020-04-08T14:30:00Z,3,2,6,4,0,6
19,2020-04-08T14:35:00Z,2,1,4,3,0,7
19,2020-04-08T14:40:00Z,0,8,3,10,0,7
19,2020-04-08T14:45:00Z,1,10,10,11,0,13
19,2020-04-08T15:10:00Z,1,1,2,1,0,2
19,2020-04-08T15:15:00Z,0,1,7,8,0,4
19,2020-04-08T15:20:00Z,0,7,6,10,0,9
19,2020-04-08T15:25:00Z,3,1,3,1,0,3
19,2020-04-08T15:30:00Z,0,10,10,5,0,6
19,2020-04-08T15:35:00Z,0,1,1,2,0,2
19,2020-04-08T15:40:00Z,4,2,1,2,0,3
19,2020-04-08T15:45:00Z,2,5,3,8,0,12
19,2020-04-08T16:10:00Z,3,4,7,10,0,6
19,2020-04-08T16:25:00Z,0,10,4,3,0,6
19,2020-04-08T16:45:00Z,0,0,2,4,0,6
19,2020-04-08T16:55:00Z,0,9,11,3,0,5
19,2020-04-08T17:10:00Z,0,4,10,2,0,6
19,2020-04-08T17:15:00Z,0,10,10,5,0,2
19,2020-04-08T17:25:00Z,0,1,2,4,0,3
19,2020-04-08T17:30:00Z,1,6,6,13,0,4
19,2020-04-08T18:10:00Z,0,10,10,9,0,0
19,2020-04-08T18:15:00Z,0,10,6,10,0,6
19,2020-04-08T18:55:00Z,0,8,9,10,0,5
19,2020-04-08T19:05:00Z,0,6,6,2,0,10
19,2020-04-08T19:10:00Z,3,1,2,3,0,2
19,2020-04-08T19:25:00Z,0,5,5,4,0,10
19,2020-04-08T19:35:00Z,0,7,10,9,0,6
19,2020-04-08T19:45:00Z,0,1,9,10,0,10
19,2020-04-08T19:50:00Z,0,3,2,4,0,3
19,2020-04-08T20:25:00Z,0,6,6,9,0,8
19,2020-04-08T21:40:00Z,4,1,2,2,6,3
19,2020-04-08T21:50:00Z,1,4,5,1,0,0
19,2020-04-08T22:10:00Z,0,7,9,3,0,10
19,2020-04-08T22:45:00Z,0,1,7,0,0,10
19,2020-04-08T23:00:00Z,0,3,4,10,0,1
19,2020-04-08T23:05:00Z,0,10,9,10,0,8
19,2020-04-08T23:25:00Z,0,2,2,8,0,6
19,2020-04-08T23:55:00Z,0,0,7,10,0,5
